user_id,ip_address,latitude,longitude,timezone,device_info,typing_speed,mouse_speed,login_time
101,192.168.1.10,40.7128,-74.006,EST,Windows,4.5,300,25-02-2025 08:30
101,192.168.1.10,40.754743,-73.987547,EST,Windows,5.6,964.7,25-02-2025 09:19
101,19.58.78.139,-33.8688,151.2093,Australia/Sydney,Windows,11.67,1379.12,27-02-2025 09:19
101,60.225.166.51,35.6895,139.6917,Asia/Tokyo,Android,8.59,756.94,02-03-2025 05:19
101,127.115.224.215,51.5074,-0.1278,Europe/London,macOS,2.13,1966.42,05-03-2025 07:19
102,192.168.1.11,34.0522,-118.244,PST,MacOS,5,320,25-02-2025 09:45
102,192.168.1.11,34.038852,-118.256828,PST,MacOS,12.36,1394.64,25-02-2025 10:04
102,59.82.136.242,43.65107,-79.347015,America/Toronto,iOS,9.21,422.5,27-02-2025 11:04
102,120.190.220.137,19.076,72.8777,Asia/Kolkata,iOS,12.21,1641.39,02-03-2025 00:04
102,234.56.233.91,41.0082,28.9784,Europe/Istanbul,Windows,8.6,1203.22,05-03-2025 12:04
103,192.168.1.12,51.5074,-0.1278,GMT,iOS,3.8,280,25-02-2025 10:15
103,192.168.1.12,51.545604,-0.125447,GMT,iOS,13.9,1759.51,25-02-2025 10:58
103,37.171.176.101,51.5074,-0.1278,Europe/London,iOS,6.02,919.33,27-02-2025 16:58
103,244.220.105.217,-33.8688,151.2093,Australia/Sydney,iOS,11.03,672.74,02-03-2025 08:58
103,169.98.11.6,-23.5505,-46.6333,America/Sao_Paulo,Android,2.75,504.76,06-03-2025 07:58
104,192.168.1.13,35.6895,139.692,JST,Android,4.2,310,25-02-2025 11:00
104,192.168.1.13,35.665197,139.681389,JST,Android,5.78,1727.66,25-02-2025 11:28
104,39.170.255.31,51.5074,-0.1278,Europe/London,iOS,11.57,1436.12,28-02-2025 04:28
104,249.161.105.137,-23.5505,-46.6333,America/Sao_Paulo,Windows,11.99,1289.43,02-03-2025 16:28
104,135.200.190.224,-6.2088,106.8456,Asia/Jakarta,macOS,9.68,919.38,06-03-2025 03:28
105,192.168.1.14,48.8566,2.3522,CET,Linux,4.9,330,25-02-2025 12:10
105,192.168.1.14,48.893408,2.361062,CET,Linux,4.87,879.37,25-02-2025 12:51
105,53.215.140.128,19.076,72.8777,Asia/Mumbai,Android,8.07,1734.02,28-02-2025 00:51
105,175.49.157.122,51.5074,-0.1278,Europe/London,Windows,12.36,684.78,02-03-2025 17:51
105,45.135.77.2,-6.2088,106.8456,Asia/Jakarta,Linux,5.22,1681.85,06-03-2025 04:51
106,192.168.1.15,55.7558,37.6173,MSK,Windows,3.7,270,25-02-2025 13:20
106,192.168.1.15,55.800687,37.619778,MSK,Windows,7.79,1907.89,25-02-2025 14:10
106,181.242.24.114,-23.5505,-46.6333,America/Sao_Paulo,iOS,13.01,491.11,28-02-2025 01:10
106,78.177.38.185,35.6895,139.6917,Asia/Tokyo,Linux,7.98,990.12,02-03-2025 08:10
106,212.183.113.39,-33.9249,18.4241,Africa/Johannesburg,Android,8.29,1613.86,05-03-2025 08:10
107,192.168.1.16,39.9042,116.407,CST,MacOS,5.3,340,25-02-2025 14:30
107,192.168.1.16,39.91282,116.367249,CST,MacOS,4.6,1150.8,25-02-2025 15:06
107,212.82.91.192,25.276987,55.296249,Asia/Dubai,iOS,4.68,1604.21,27-02-2025 23:06
107,169.213.157.29,35.6895,139.6917,Asia/Tokyo,Android,14.52,1564.22,02-03-2025 12:06
107,48.156.74.105,-6.2088,106.8456,Asia/Jakarta,Android,9.32,583.82,05-03-2025 22:06
108,192.168.1.17,-33.8688,151.209,AEST,iOS,4,290,25-02-2025 15:40
108,192.168.1.17,-33.87224,151.19729,AEST,iOS,11.73,1391.77,25-02-2025 15:51
108,21.136.44.78,25.276987,55.296249,Asia/Dubai,Windows,13.36,665.23,28-02-2025 06:51
108,2.111.204.5,19.076,72.8777,Asia/Kolkata,Android,13.71,1333.83,02-03-2025 11:51
108,206.65.75.48,-33.9249,18.4241,Africa/Johannesburg,Linux,6.74,1501.34,05-03-2025 00:51
109,192.168.1.18,37.7749,-122.419,PST,Android,5.1,350,25-02-2025 16:50
109,192.168.1.18,37.74607,-122.429723,PST,Android,9.37,1838.47,25-02-2025 17:23
109,229.198.115.138,35.6895,139.6917,Asia/Tokyo,Linux,14.58,1420.45,28-02-2025 07:23
109,207.230.94.71,51.5074,-0.1278,Europe/London,iOS,7.13,1405.79,02-03-2025 21:23
109,132.247.127.220,40.7128,-74.006,America/New_York,Linux,9.73,1089.21,06-03-2025 09:23
110,192.168.1.19,-23.5505,-46.6333,BRT,Linux,4.3,310,25-02-2025 17:00
110,192.168.1.19,-23.534806,-46.615469,BRT,Linux,13.34,1331.97,25-02-2025 17:25
110,177.94.135.113,-23.5505,-46.6333,America/Sao_Paulo,macOS,8.02,1791.55,28-02-2025 02:25
110,35.251.119.237,-33.8688,151.2093,Australia/Sydney,macOS,13.93,1965.66,03-03-2025 00:25
110,128.225.151.178,43.65107,-79.347015,America/Toronto,Linux,2.02,310.98,05-03-2025 20:25
111,192.168.1.20,19.076,72.8777,IST,Windows,4.6,330,25-02-2025 18:10
111,192.168.1.20,19.088336,72.856122,IST,Windows,12.21,579.61,25-02-2025 18:37
111,129.48.155.128,-23.5505,-46.6333,America/Sao_Paulo,Windows,4.99,1411.24,28-02-2025 09:37
111,97.30.185.43,43.65107,-79.347015,America/Toronto,iOS,6.83,819.11,03-03-2025 02:37
111,248.41.212.208,-23.5505,-46.6333,America/Sao_Paulo,macOS,2.62,1825.9,06-03-2025 00:37
112,192.168.1.21,52.52,13.405,CET,MacOS,5.2,320,25-02-2025 19:20
112,192.168.1.21,52.530404,13.373386,CET,MacOS,2.77,1344.28,25-02-2025 19:45
112,229.36.216.222,40.7128,-74.006,America/New_York,macOS,3.63,1310.02,28-02-2025 01:45
112,180.19.160.169,52.52,13.405,Europe/Berlin,macOS,14.07,550.82,02-03-2025 12:45
112,130.104.37.244,-33.9249,18.4241,Africa/Johannesburg,Windows,3.26,1073.54,05-03-2025 17:45
113,192.168.1.22,41.9028,12.4964,CET,iOS,3.9,280,25-02-2025 20:30
113,192.168.1.22,41.88856,12.448214,CET,iOS,4.19,1342.63,25-02-2025 21:13
113,142.128.43.227,25.276987,55.296249,Asia/Dubai,iOS,9.02,634.08,28-02-2025 10:13
113,11.226.84.213,19.076,72.8777,Asia/Kolkata,iOS,8.48,521.37,02-03-2025 11:13
113,199.157.249.166,25.276987,55.296249,Asia/Dubai,Windows,14.23,475.48,05-03-2025 10:13
114,192.168.1.23,40.4168,-3.7038,CET,Android,4.1,310,25-02-2025 21:40
114,192.168.1.23,40.459776,-3.725714,CET,Android,5.68,1538.82,25-02-2025 22:31
114,244.202.128.162,19.076,72.8777,Asia/Mumbai,Windows,12.71,1844.42,28-02-2025 14:31
114,189.129.13.114,-33.8688,151.2093,Australia/Sydney,Windows,6.49,1051.94,03-03-2025 08:31
114,84.173.134.37,39.9042,116.4074,Asia/Shanghai,Linux,13.35,1451.17,06-03-2025 04:31
115,192.168.1.24,1.3521,103.82,SGT,Linux,4.7,290,25-02-2025 22:50
115,192.168.1.24,1.311437,103.772358,SGT,Linux,5.39,1406.32,26-02-2025 00:00
115,126.210.240.217,43.65107,-79.347015,America/Toronto,Windows,10.41,1782.39,28-02-2025 08:00
115,223.126.31.123,25.276987,55.296249,Asia/Dubai,Linux,7.39,1143.11,02-03-2025 10:00
115,70.183.244.154,39.9042,116.4074,Asia/Shanghai,macOS,12.82,865.56,05-03-2025 01:00
116,192.168.1.25,25.277,55.2962,GST,Windows,3.6,270,25-02-2025 23:00
116,192.168.1.25,25.283698,55.338395,GST,Windows,11.18,916.77,25-02-2025 23:43
116,185.15.4.212,52.52,13.405,Europe/Berlin,macOS,5.41,1951.89,27-02-2025 23:43
116,159.45.43.196,43.65107,-79.347015,America/Toronto,Windows,5.93,970.88,02-03-2025 19:43
116,48.132.215.73,43.65107,-79.347015,America/Toronto,iOS,12.27,667.71,06-03-2025 03:43
117,192.168.1.26,-26.2041,28.0473,SAST,MacOS,5.4,350,26-02-2025 00:15
117,192.168.1.26,-26.220925,28.012675,SAST,MacOS,14.92,1961.25,26-02-2025 00:54
117,28.32.17.190,19.076,72.8777,Asia/Mumbai,Android,12.33,1826.23,28-02-2025 19:54
117,106.94.195.31,40.7128,-74.006,America/New_York,Android,5.87,514.73,03-03-2025 07:54
117,202.178.30.227,41.0082,28.9784,Europe/Istanbul,Windows,4.46,1259.4,07-03-2025 03:54
118,192.168.1.27,45.4215,-75.6972,EST,iOS,4.8,330,26-02-2025 01:30
118,192.168.1.27,45.391179,-75.736778,EST,iOS,5.27,345.22,26-02-2025 02:16
118,166.123.14.231,19.076,72.8777,Asia/Mumbai,Windows,5.71,478.26,28-02-2025 13:16
118,231.246.63.2,52.52,13.405,Europe/Berlin,Linux,10.29,1571.42,02-03-2025 21:16
118,199.80.19.168,41.0082,28.9784,Europe/Istanbul,Android,7.58,1388.09,05-03-2025 06:16
119,192.168.1.28,59.3293,18.0686,CET,Android,4.4,290,26-02-2025 02:40
119,192.168.1.28,59.344512,18.080887,CET,Android,2.66,1933.01,26-02-2025 02:58
119,78.54.37.57,40.7128,-74.006,America/New_York,Android,8.51,1674.96,28-02-2025 02:58
119,226.46.109.49,-33.8688,151.2093,Australia/Sydney,Windows,2.71,674.3,02-03-2025 10:58
119,105.176.142.217,25.276987,55.296249,Asia/Dubai,iOS,8.17,687.91,05-03-2025 21:58
120,192.168.1.29,35.6762,139.65,JST,Linux,4,280,26-02-2025 03:50
120,192.168.1.29,35.72049,139.629148,JST,Linux,2.81,1933.2,26-02-2025 04:43
120,211.196.237.246,19.076,72.8777,Asia/Mumbai,iOS,6.81,1527.95,28-02-2025 20:43
120,187.70.55.135,51.5074,-0.1278,Europe/London,Android,14.86,1493.77,03-03-2025 04:43
120,156.163.167.139,19.4326,-99.1332,America/Mexico_City,Linux,9.02,1840.3,05-03-2025 23:43
121,192.168.1.30,37.5665,126.978,KST,Windows,4.6,320,26-02-2025 04:10
121,192.168.1.30,37.607776,126.995745,KST,Windows,7.82,1274.25,26-02-2025 04:58
121,78.7.57.55,-33.8688,151.2093,Australia/Sydney,macOS,12.14,1435.14,28-02-2025 15:58
121,140.243.8.56,35.6895,139.6917,Asia/Tokyo,Android,4.63,545.38,03-03-2025 12:58
121,39.214.85.220,-33.9249,18.4241,Africa/Johannesburg,iOS,4.68,504.92,05-03-2025 23:58
122,192.168.1.31,28.6139,77.209,IST,MacOS,5.2,340,26-02-2025 05:25
122,192.168.1.31,28.646876,77.252984,IST,MacOS,5.36,451.75,26-02-2025 06:21
122,243.184.83.57,52.52,13.405,Europe/Berlin,macOS,12.92,1774.9,28-02-2025 17:21
122,163.194.201.10,-33.9249,18.4241,Africa/Johannesburg,Windows,4.28,1011.76,03-03-2025 10:21
122,120.64.213.39,-33.8688,151.2093,Australia/Sydney,macOS,10.58,560.96,07-03-2025 08:21
123,192.168.1.32,55.6761,12.5683,CET,iOS,3.9,290,26-02-2025 06:35
123,192.168.1.32,55.633295,12.558842,CET,iOS,10.79,588.03,26-02-2025 07:23
123,132.171.208.22,43.65107,-79.347015,America/Toronto,Windows,7.34,686.16,28-02-2025 19:23
123,249.35.231.220,43.65107,-79.347015,America/Toronto,Windows,12.73,997.99,03-03-2025 16:23
123,170.159.121.155,-33.9249,18.4241,Africa/Johannesburg,iOS,4.17,1815.89,07-03-2025 16:23
124,192.168.1.33,-37.8136,144.963,AEST,Android,4.3,310,26-02-2025 07:45
124,192.168.1.33,-37.768333,144.967594,AEST,Android,4.39,1661.39,26-02-2025 08:35
124,63.49.101.19,25.276987,55.296249,Asia/Dubai,iOS,7.3,500.63,28-02-2025 22:35
124,52.140.153.47,40.7128,-74.006,America/New_York,Android,3.47,379.83,03-03-2025 02:35
124,15.251.249.180,25.276987,55.296249,Asia/Dubai,iOS,5.85,891.54,05-03-2025 19:35
125,192.168.1.34,6.5244,3.3792,WAT,Linux,4.8,330,26-02-2025 08:55
125,192.168.1.34,6.522559,3.403554,WAT,Linux,10.06,1663.03,26-02-2025 09:22
125,30.244.8.100,25.276987,55.296249,Asia/Dubai,Windows,12.41,1180.58,28-02-2025 09:22
125,87.249.237.137,52.52,13.405,Europe/Berlin,iOS,11.9,786.52,02-03-2025 15:22
125,58.233.149.250,52.52,13.405,Europe/Berlin,Linux,9.92,627.08,06-03-2025 14:22
126,192.168.1.35,50.1109,8.6821,CET,Windows,3.7,270,26-02-2025 10:05
126,192.168.1.35,50.101421,8.685508,CET,Windows,4.4,1087.67,26-02-2025 10:16
126,87.49.141.37,35.6895,139.6917,Asia/Tokyo,Linux,2.98,1974.47,28-02-2025 19:16
126,169.35.134.190,35.6895,139.6917,Asia/Tokyo,iOS,5.95,413.66,03-03-2025 10:16
126,100.167.161.173,43.65107,-79.347015,America/Toronto,macOS,7.67,763.78,06-03-2025 00:16
127,192.168.1.36,-12.0464,-77.0428,PET,MacOS,5.3,350,26-02-2025 11:15
127,192.168.1.36,-12.052903,-77.052638,PET,MacOS,5.03,618.78,26-02-2025 11:28
127,249.103.53.26,-23.5505,-46.6333,America/Sao_Paulo,Android,7.19,1488.14,28-02-2025 23:28
127,217.80.209.210,-23.5505,-46.6333,America/Sao_Paulo,iOS,7.67,314.48,03-03-2025 00:28
127,90.243.75.200,-33.8688,151.2093,Australia/Sydney,Android,14.32,1822.27,06-03-2025 04:28
128,192.168.1.37,35.2271,-80.8431,EST,iOS,4,290,26-02-2025 12:25
128,192.168.1.37,35.230629,-80.800045,EST,iOS,12.13,1982.22,26-02-2025 13:04
128,15.112.208.192,43.65107,-79.347015,America/Toronto,Android,14.06,929.88,01-03-2025 00:04
128,229.113.150.30,35.6895,139.6917,Asia/Tokyo,iOS,11.46,1305.45,03-03-2025 22:04
128,103.92.71.227,39.9042,116.4074,Asia/Shanghai,Android,3.13,1199.96,06-03-2025 01:04
129,192.168.1.38,-8.4095,115.189,WITA,Android,5.1,350,26-02-2025 13:35
129,192.168.1.38,-8.3877,115.193509,WITA,Android,5.61,1838.14,26-02-2025 14:00
129,81.240.55.227,52.52,13.405,Europe/Berlin,macOS,9.84,622.57,01-03-2025 14:00
129,179.140.157.201,-33.8688,151.2093,Australia/Sydney,Linux,9.53,860.41,03-03-2025 18:00
129,100.184.158.207,35.6895,139.6917,Asia/Tokyo,Android,6.9,1174.24,07-03-2025 18:00
130,192.168.1.39,31.2304,121.474,CST,Linux,4.3,310,26-02-2025 14:45
130,192.168.1.39,31.245131,121.443666,CST,Linux,6.51,1036.64,26-02-2025 15:18
130,84.72.232.5,35.6895,139.6917,Asia/Tokyo,Android,3.65,364.32,01-03-2025 03:18
130,252.253.204.153,-23.5505,-46.6333,America/Sao_Paulo,Linux,14.96,769.5,03-03-2025 21:18
130,173.70.33.229,19.076,72.8777,Asia/Kolkata,Windows,11.02,1841.62,05-03-2025 22:18
131,192.168.1.40,18.5204,73.8567,IST,Windows,4.6,330,26-02-2025 15:55
131,192.168.1.40,18.547171,73.813998,IST,Windows,12,1276.75,26-02-2025 16:49
131,215.123.248.211,35.6895,139.6917,Asia/Tokyo,Windows,12.99,1686.57,01-03-2025 04:49
131,160.103.70.220,52.52,13.405,Europe/Berlin,Linux,14.32,1056.86,03-03-2025 09:49
131,29.46.237.167,51.5074,-0.1278,Europe/London,Windows,4.9,976.6,06-03-2025 14:49
132,192.168.1.41,41.0082,28.9784,TRT,MacOS,5.2,320,26-02-2025 17:05
132,192.168.1.41,41.030143,28.978352,TRT,MacOS,12.05,578.4,26-02-2025 17:30
132,99.85.14.117,-23.5505,-46.6333,America/Sao_Paulo,Linux,3.7,1670.45,01-03-2025 14:30
132,94.13.59.161,40.7128,-74.006,America/New_York,iOS,9.61,1394.91,04-03-2025 14:30
132,72.75.211.238,52.52,13.405,Europe/Berlin,Android,9.23,1523.54,08-03-2025 07:30
133,192.168.1.42,35.8617,104.195,CST,iOS,3.9,280,26-02-2025 18:15
133,192.168.1.42,35.864423,104.193016,CST,iOS,9.27,743.52,26-02-2025 18:18
133,66.244.237.29,-23.5505,-46.6333,America/Sao_Paulo,Android,11.37,604.05,01-03-2025 03:18
133,13.208.155.78,-33.9249,18.4241,Africa/Johannesburg,macOS,2.74,610.45,03-03-2025 12:18
133,21.193.73.90,43.65107,-79.347015,America/Toronto,Android,4.86,989.67,06-03-2025 16:18
134,192.168.1.43,22.3964,114.109,HKT,Android,4.1,310,26-02-2025 19:25
134,192.168.1.43,22.358683,114.116757,HKT,Android,6.69,1609.19,26-02-2025 20:07
134,227.252.166.38,52.52,13.405,Europe/Berlin,iOS,6.59,1870.96,01-03-2025 15:07
134,68.251.149.123,25.276987,55.296249,Asia/Dubai,iOS,12.31,1361.32,04-03-2025 11:07
134,169.208.126.200,41.0082,28.9784,Europe/Istanbul,Windows,9.17,1681.72,07-03-2025 10:07
135,192.168.1.44,-34.6037,-58.3816,ART,Linux,4.7,290,26-02-2025 20:35
135,192.168.1.44,-34.61258,-58.401935,ART,Linux,12.44,341.12,26-02-2025 20:56
135,36.211.117.81,52.52,13.405,Europe/Berlin,Windows,2.21,1363.26,28-02-2025 23:56
135,121.122.167.123,19.076,72.8777,Asia/Kolkata,Android,3.11,1368.55,03-03-2025 17:56
135,206.227.71.39,19.076,72.8777,Asia/Kolkata,macOS,3.36,1246.08,06-03-2025 09:56
136,192.168.1.45,59.9139,10.7522,CET,Windows,3.6,270,26-02-2025 21:45
136,192.168.1.45,59.885746,10.744474,CET,Windows,4.88,1765.15,26-02-2025 22:17
136,242.85.251.4,-23.5505,-46.6333,America/Sao_Paulo,iOS,10.34,1561.77,01-03-2025 20:17
136,137.106.221.71,-33.8688,151.2093,Australia/Sydney,Android,12.16,308.95,03-03-2025 20:17
136,51.165.116.222,-33.8688,151.2093,Australia/Sydney,Android,7.63,1437.93,06-03-2025 20:17
137,192.168.1.46,14.5995,120.984,PHT,MacOS,5.4,350,26-02-2025 22:55
137,192.168.1.46,14.570751,121.023184,PHT,MacOS,11.19,1328.94,26-02-2025 23:47
137,83.58.111.214,43.65107,-79.347015,America/Toronto,Android,12.09,1043.79,01-03-2025 20:47
137,231.163.109.39,25.276987,55.296249,Asia/Dubai,Windows,9.44,1802.68,04-03-2025 09:47
137,165.246.218.2,19.076,72.8777,Asia/Kolkata,Linux,14.38,1595.35,07-03-2025 01:47
138,192.168.1.47,25.033,121.565,CST,iOS,4.8,330,26-02-2025 23:59
138,192.168.1.47,25.073206,121.558993,CST,iOS,11.58,367.86,27-02-2025 00:44
138,185.55.3.97,19.076,72.8777,Asia/Mumbai,Windows,12.71,1608.13,01-03-2025 12:44
138,87.199.110.206,52.52,13.405,Europe/Berlin,Android,5.29,1077.67,03-03-2025 22:44
138,102.195.234.110,35.6895,139.6917,Asia/Tokyo,iOS,7.98,651.02,06-03-2025 14:44
139,192.168.1.48,-1.2864,36.8172,EAT,Android,4.4,290,27-02-2025 01:10
139,192.168.1.48,-1.293737,36.836695,EAT,Android,10.8,1722.51,27-02-2025 01:33
139,41.31.160.154,-23.5505,-46.6333,America/Sao_Paulo,Windows,3.85,1538.91,02-03-2025 00:33
139,125.139.248.122,35.6895,139.6917,Asia/Tokyo,Linux,9.98,1964.91,04-03-2025 04:33
139,215.23.214.251,-23.5505,-46.6333,America/Sao_Paulo,iOS,10.3,1777.97,06-03-2025 16:33
140,192.168.1.49,43.6532,-79.3832,EST,Linux,4,280,27-02-2025 02:20
140,192.168.1.49,43.666863,-79.352689,EST,Linux,4.33,958.61,27-02-2025 02:49
140,54.5.254.11,-23.5505,-46.6333,America/Sao_Paulo,Android,14.27,556.63,01-03-2025 17:49
140,165.181.239.235,25.276987,55.296249,Asia/Dubai,Windows,10.11,926.1,03-03-2025 21:49
140,64.107.103.13,43.65107,-79.347015,America/Toronto,Windows,2.55,1901.08,07-03-2025 21:49
141,192.168.1.50,48.8566,2.3522,CET,Windows,4.5,320,27-02-2025 03:30
141,192.168.1.50,48.848221,2.364423,CET,Windows,11.55,1351.04,27-02-2025 03:43
141,26.116.23.134,-23.5505,-46.6333,America/Sao_Paulo,iOS,12.88,400.59,01-03-2025 11:43
141,195.210.245.239,-23.5505,-46.6333,America/Sao_Paulo,Windows,12.73,1661.94,04-03-2025 03:43
141,136.111.154.110,35.6895,139.6917,Asia/Tokyo,Windows,7.72,1397.31,06-03-2025 17:43
142,192.168.1.51,40.7128,-74.006,EST,MacOS,5,340,27-02-2025 04:40
142,192.168.1.51,40.681647,-73.988004,EST,MacOS,12.3,797.12,27-02-2025 05:18
142,215.64.93.165,-33.8688,151.2093,Australia/Sydney,Windows,10.69,343.42,01-03-2025 17:18
142,68.194.130.87,43.65107,-79.347015,America/Toronto,Android,11.49,1662.58,03-03-2025 18:18
142,225.204.165.156,-6.2088,106.8456,Asia/Jakarta,macOS,11.08,1210.83,06-03-2025 23:18
143,192.168.1.52,-33.8688,151.209,AEST,iOS,4.2,300,27-02-2025 05:50
143,192.168.1.52,-33.914898,151.25697,AEST,iOS,9.43,562.92,27-02-2025 06:58
143,137.78.57.92,35.6895,139.6917,Asia/Tokyo,Windows,14.7,1347.76,01-03-2025 10:58
143,36.237.99.215,-33.9249,18.4241,Africa/Johannesburg,Android,8.34,1455.16,03-03-2025 12:58
143,177.196.36.71,-33.9249,18.4241,Africa/Johannesburg,Windows,6.2,1137.07,06-03-2025 12:58
144,192.168.1.53,52.52,13.405,CET,Android,4.6,330,27-02-2025 07:00
144,192.168.1.53,52.544629,13.358206,CET,Android,6.83,915.8,27-02-2025 07:41
144,210.94.40.27,-33.9249,18.4241,Africa/Johannesburg,macOS,11.93,1639.25,01-03-2025 07:41
144,15.4.241.123,-33.9249,18.4241,Africa/Johannesburg,Linux,10,1679.34,04-03-2025 03:41
144,199.201.151.95,-23.5505,-46.6333,America/Sao_Paulo,Linux,13.43,326.24,06-03-2025 22:41
145,192.168.1.54,19.076,72.8777,IST,Linux,5.1,350,27-02-2025 08:10
145,192.168.1.54,19.096508,72.891354,IST,Linux,4.16,577.2,27-02-2025 08:37
145,149.186.198.181,-23.5505,-46.6333,America/Sao_Paulo,Linux,10.92,926.51,01-03-2025 15:37
145,40.46.120.243,35.6895,139.6917,Asia/Tokyo,Android,5.45,1885.66,04-03-2025 10:37
145,108.182.26.253,-6.2088,106.8456,Asia/Jakarta,Android,6.75,1921.28,07-03-2025 00:37
146,192.168.1.55,34.0522,-118.244,PST,Windows,3.8,290,27-02-2025 09:20
146,192.168.1.55,34.084964,-118.288656,PST,Windows,8.54,1352.7,27-02-2025 10:15
146,162.110.252.218,-33.8688,151.2093,Australia/Sydney,Linux,9.9,1110.2,02-03-2025 01:15
146,79.227.100.109,43.65107,-79.347015,America/Toronto,Linux,12.55,576.59,04-03-2025 20:15
146,40.164.76.152,35.6895,139.6917,Asia/Tokyo,Android,5.44,1089.41,08-03-2025 13:15
147,192.168.1.56,55.7558,37.6173,MSK,MacOS,4.9,320,27-02-2025 10:30
147,192.168.1.56,55.709547,37.571284,MSK,MacOS,12.96,1521.52,27-02-2025 11:29
147,225.176.233.153,-33.8688,151.2093,Australia/Sydney,iOS,6.68,1522.22,02-03-2025 00:29
147,42.88.134.145,-23.5505,-46.6333,America/Sao_Paulo,Windows,2.79,992.9,04-03-2025 07:29
147,198.174.50.76,41.0082,28.9784,Europe/Istanbul,Windows,7.98,1924.87,08-03-2025 03:29
148,192.168.1.57,1.3521,103.82,SGT,iOS,4,310,27-02-2025 11:41
148,192.168.1.57,1.319726,103.800317,SGT,iOS,8.71,993.68,27-02-2025 12:23
148,70.106.98.146,25.276987,55.296249,Asia/Dubai,Windows,2.2,1885.24,02-03-2025 02:23
148,44.78.15.207,25.276987,55.296249,Asia/Dubai,Android,8.83,940.35,04-03-2025 13:23
148,1.187.218.80,40.7128,-74.006,America/New_York,iOS,12.01,1715.66,07-03-2025 22:23
149,192.168.1.58,39.9042,116.407,CST,Android,5.3,360,27-02-2025 12:51
149,192.168.1.58,39.87807,116.371219,CST,Android,3.91,609.32,27-02-2025 13:33
149,97.179.98.128,-33.9249,18.4241,Africa/Johannesburg,Windows,6.86,786.4,01-03-2025 18:33
149,150.110.11.103,-23.5505,-46.6333,America/Sao_Paulo,Android,3.03,750.09,03-03-2025 21:33
149,107.155.23.204,40.7128,-74.006,America/New_York,Android,12.28,1922.57,06-03-2025 10:33
150,192.168.1.59,37.7749,-122.419,PST,Linux,4.7,310,27-02-2025 14:01
150,192.168.1.59,37.77624,-122.382301,PST,Linux,11.87,923.26,27-02-2025 14:34
150,212.154.236.11,-23.5505,-46.6333,America/Sao_Paulo,Android,8.9,1817.31,02-03-2025 03:34
150,13.69.114.108,43.65107,-79.347015,America/Toronto,Linux,14.17,1821.37,04-03-2025 17:34
150,254.233.222.211,19.4326,-99.1332,America/Mexico_City,Windows,6.79,1528.12,06-03-2025 22:34
151,192.168.1.60,23.1291,113.264,CST,Windows,3.9,280,27-02-2025 15:11
151,192.168.1.60,23.10176,113.258327,CST,Windows,2.62,1119.44,27-02-2025 15:42
151,59.204.72.213,-33.8688,151.2093,Australia/Sydney,Android,11.27,744.08,02-03-2025 14:42
151,69.35.13.119,-33.9249,18.4241,Africa/Johannesburg,Windows,12.71,1514.95,04-03-2025 14:42
151,175.121.143.187,-33.9249,18.4241,Africa/Johannesburg,macOS,11,509.5,06-03-2025 23:42
152,192.168.1.61,-23.5505,-46.6333,BRT,MacOS,4.8,330,27-02-2025 16:22
152,192.168.1.61,-23.541077,-46.67768,BRT,MacOS,11.28,1350.44,27-02-2025 17:08
152,190.185.109.242,52.52,13.405,Europe/Berlin,Android,5.18,1087.36,02-03-2025 03:08
152,195.11.49.111,40.7128,-74.006,America/New_York,Android,8.08,1440.3,04-03-2025 21:08
152,96.71.58.184,-33.9249,18.4241,Africa/Johannesburg,Linux,10.02,1142.21,08-03-2025 01:08
153,192.168.1.62,31.7683,35.2137,IST,iOS,4.2,300,27-02-2025 17:32
153,192.168.1.62,31.803667,35.245759,IST,iOS,7.75,1536.66,27-02-2025 18:22
153,33.227.13.28,19.076,72.8777,Asia/Mumbai,iOS,12.68,1725.82,02-03-2025 05:22
153,191.46.114.135,51.5074,-0.1278,Europe/London,Linux,14.62,1669.96,04-03-2025 19:22
153,238.121.244.124,25.276987,55.296249,Asia/Dubai,iOS,11.03,380.49,08-03-2025 05:22
154,192.168.1.63,-26.2041,28.0473,SAST,Android,5,340,27-02-2025 18:42
154,192.168.1.63,-26.218069,28.003468,SAST,Android,12.64,1794.32,27-02-2025 19:29
154,188.253.58.217,35.6895,139.6917,Asia/Tokyo,Windows,14.95,884.04,02-03-2025 11:29
154,87.140.174.180,52.52,13.405,Europe/Berlin,Android,11.95,428.57,05-03-2025 07:29
154,116.218.206.251,41.0082,28.9784,Europe/Istanbul,Linux,11.88,524.89,08-03-2025 13:29
155,192.168.1.64,35.6895,139.692,JST,Linux,4.5,320,27-02-2025 19:52
155,192.168.1.64,35.675377,139.671096,JST,Linux,14.13,842.94,27-02-2025 20:17
155,235.109.101.202,-33.8688,151.2093,Australia/Sydney,macOS,7.22,1839.86,02-03-2025 01:17
155,113.80.239.126,-23.5505,-46.6333,America/Sao_Paulo,Windows,2.57,1504.39,04-03-2025 21:17
155,154.243.14.67,25.276987,55.296249,Asia/Dubai,Windows,12.99,1930.38,08-03-2025 14:17
156,192.168.1.65,47.6062,-122.332,PST,Windows,3.7,290,27-02-2025 21:03
156,192.168.1.65,47.606885,-122.322659,PST,Windows,5.71,1087.8,27-02-2025 21:10
156,59.134.242.38,-33.8688,151.2093,Australia/Sydney,Linux,10.46,1697.88,02-03-2025 09:10
156,41.78.232.214,35.6895,139.6917,Asia/Tokyo,iOS,8.07,815.63,04-03-2025 14:10
156,197.240.5.188,25.276987,55.296249,Asia/Dubai,macOS,5.67,416.75,08-03-2025 06:10
157,192.168.1.66,41.9028,12.4964,CET,MacOS,5.2,350,27-02-2025 22:13
157,192.168.1.66,41.899263,12.449544,CET,MacOS,7.78,580.69,27-02-2025 22:52
157,209.39.251.110,-33.9249,18.4241,Africa/Johannesburg,Android,13.34,1037,02-03-2025 10:52
157,245.112.50.28,19.076,72.8777,Asia/Kolkata,Windows,6.82,945.47,04-03-2025 17:52
157,255.154.168.242,-33.9249,18.4241,Africa/Johannesburg,Linux,7.1,1861.41,08-03-2025 07:52
158,192.168.1.67,45.4215,-75.6972,EST,iOS,4,310,27-02-2025 23:23
158,192.168.1.67,45.419077,-75.74126,EST,iOS,2.57,1846.27,27-02-2025 23:58
158,88.64.173.37,43.65107,-79.347015,America/Toronto,Linux,13.83,1741.45,02-03-2025 07:58
158,158.186.102.173,51.5074,-0.1278,Europe/London,iOS,13.27,1211.47,04-03-2025 19:58
158,70.104.229.15,40.7128,-74.006,America/New_York,macOS,14.63,437.07,08-03-2025 14:58
159,192.168.1.68,25.7617,-80.1918,EST,Android,4.6,330,28-02-2025 00:33
159,192.168.1.68,25.759585,-80.216779,EST,Android,13.58,1655.43,28-02-2025 00:59
159,233.97.125.69,35.6895,139.6917,Asia/Tokyo,Windows,8.79,669.75,02-03-2025 06:59
159,178.53.6.105,-33.8688,151.2093,Australia/Sydney,Linux,4.04,1574.31,04-03-2025 16:59
159,126.95.50.254,19.4326,-99.1332,America/Mexico_City,macOS,12.49,1007.11,07-03-2025 07:59
160,192.168.1.69,-22.9068,-43.1729,BRT,Linux,5.1,350,28-02-2025 01:44
160,192.168.1.69,-22.87388,-43.124972,BRT,Linux,5.32,1790.07,28-02-2025 02:45
160,71.6.70.42,52.52,13.405,Europe/Berlin,iOS,6.76,1524.54,02-03-2025 11:45
160,54.195.18.243,19.076,72.8777,Asia/Kolkata,Android,13.23,1652.41,04-03-2025 19:45
160,207.247.163.53,-33.9249,18.4241,Africa/Johannesburg,Linux,13.39,1810.08,08-03-2025 17:45
161,192.168.1.70,13.7563,100.502,ICT,Windows,3.9,280,28-02-2025 02:54
161,192.168.1.70,13.805485,100.501706,ICT,Windows,7.4,1334.37,28-02-2025 03:48
161,44.140.97.141,19.076,72.8777,Asia/Mumbai,Linux,2.28,747.98,02-03-2025 12:48
161,40.89.250.191,35.6895,139.6917,Asia/Tokyo,macOS,6.07,1501.53,04-03-2025 13:48
161,123.242.167.194,19.076,72.8777,Asia/Kolkata,iOS,2.32,1380.34,07-03-2025 09:48
162,192.168.1.71,51.5074,-0.1278,GMT,MacOS,4.8,330,28-02-2025 04:04
162,192.168.1.71,51.459358,-0.124592,GMT,MacOS,6.68,1782.34,28-02-2025 04:58
162,6.84.154.51,35.6895,139.6917,Asia/Tokyo,Android,13.54,503.16,02-03-2025 12:58
162,210.238.179.246,25.276987,55.296249,Asia/Dubai,Android,13.37,1091.74,04-03-2025 17:58
162,116.102.192.227,35.6895,139.6917,Asia/Tokyo,Windows,2.04,880.8,07-03-2025 14:58
163,192.168.1.72,-36.8485,174.763,NZST,iOS,4.2,300,28-02-2025 05:14
163,192.168.1.72,-36.867788,174.793639,NZST,iOS,8,1040,28-02-2025 05:49
163,87.47.143.202,25.276987,55.296249,Asia/Dubai,iOS,9.22,1425.82,02-03-2025 05:49
163,233.33.4.173,19.076,72.8777,Asia/Kolkata,Windows,9.97,426.53,04-03-2025 07:49
163,179.229.36.12,25.276987,55.296249,Asia/Dubai,Linux,2.97,371.99,06-03-2025 12:49
164,192.168.1.73,33.749,-84.388,EST,Android,5,340,28-02-2025 06:25
164,192.168.1.73,33.77918,-84.357272,EST,Android,4.71,1771.84,28-02-2025 07:09
164,44.238.22.141,35.6895,139.6917,Asia/Tokyo,Windows,3.88,953.21,02-03-2025 17:09
164,151.133.250.71,35.6895,139.6917,Asia/Tokyo,Android,2.8,1171.1,05-03-2025 16:09
164,233.231.224.123,-33.8688,151.2093,Australia/Sydney,Android,9.69,1717.19,08-03-2025 09:09
165,192.168.1.74,60.1695,24.9354,EET,Linux,4.5,320,28-02-2025 07:35
165,192.168.1.74,60.146127,24.902512,EET,Linux,13.82,1956.12,28-02-2025 08:07
165,42.113.170.70,52.52,13.405,Europe/Berlin,iOS,9.7,471.99,03-03-2025 03:07
165,4.118.77.244,52.52,13.405,Europe/Berlin,macOS,4.82,1582.52,06-03-2025 01:07
165,47.6.114.247,-6.2088,106.8456,Asia/Jakarta,macOS,3.27,417.43,09-03-2025 22:07
166,192.168.1.75,59.3293,18.0686,CET,Windows,3.6,270,28-02-2025 08:45
166,192.168.1.75,59.282518,18.056681,CET,Windows,3.18,316.11,28-02-2025 09:38
166,86.177.158.195,35.6895,139.6917,Asia/Tokyo,Linux,3.9,571.53,02-03-2025 14:38
166,142.26.39.72,51.5074,-0.1278,Europe/London,iOS,7.37,1912.83,04-03-2025 17:38
166,234.153.118.25,19.076,72.8777,Asia/Kolkata,Android,6.66,880.91,08-03-2025 14:38
167,192.168.1.76,14.6928,-17.4467,GMT,MacOS,5.3,350,28-02-2025 09:55
167,192.168.1.76,14.680629,-17.480215,GMT,MacOS,14.42,885.47,28-02-2025 10:34
167,6.32.63.78,25.276987,55.296249,Asia/Dubai,Linux,13.86,1851.69,02-03-2025 13:34
167,74.46.23.137,-23.5505,-46.6333,America/Sao_Paulo,Linux,11.49,1164.74,04-03-2025 17:34
167,50.61.255.105,-33.8688,151.2093,Australia/Sydney,iOS,4.96,1230.77,07-03-2025 09:34
168,192.168.1.77,9.082,8.6753,WAT,iOS,4.7,310,28-02-2025 11:06
168,192.168.1.77,9.086871,8.656907,WAT,iOS,5.75,576.35,28-02-2025 11:27
168,73.167.127.111,52.52,13.405,Europe/Berlin,Windows,11.16,1246.45,02-03-2025 17:27
168,27.183.230.85,52.52,13.405,Europe/Berlin,iOS,3.87,1292.91,04-03-2025 23:27
168,159.116.250.79,-23.5505,-46.6333,America/Sao_Paulo,iOS,8.95,1656.29,07-03-2025 20:27
169,192.168.1.78,64.1466,-21.9426,GMT,Android,4.4,290,28-02-2025 12:16
169,192.168.1.78,64.195063,-21.892606,GMT,Android,2.64,578.41,28-02-2025 13:15
169,86.87.15.119,-33.9249,18.4241,Africa/Johannesburg,macOS,10.59,1909.16,02-03-2025 14:15
169,203.204.19.7,40.7128,-74.006,America/New_York,Android,8.11,1745.7,05-03-2025 14:15
169,133.206.121.251,40.7128,-74.006,America/New_York,macOS,10.64,900.98,08-03-2025 09:15
170,192.168.1.79,50.0755,14.4378,CET,Linux,4,280,28-02-2025 13:26
170,192.168.1.79,50.112403,14.484962,CET,Linux,9.71,1730.01,28-02-2025 14:19
170,70.68.196.112,51.5074,-0.1278,Europe/London,Linux,12.26,1552.71,03-03-2025 08:19
170,42.176.29.142,25.276987,55.296249,Asia/Dubai,Android,2.75,905.37,05-03-2025 23:19
170,14.250.171.238,19.4326,-99.1332,America/Mexico_City,iOS,12.03,1852.79,08-03-2025 18:19
171,192.168.1.80,37.7749,-122.419,PST,Windows,4.6,330,28-02-2025 14:30
171,192.168.1.80,37.724924,-122.406886,PST,Windows,14.47,466.88,28-02-2025 15:26
171,32.12.161.54,-23.5505,-46.6333,America/Sao_Paulo,Android,4.6,1950.39,03-03-2025 13:26
171,207.190.87.237,25.276987,55.296249,Asia/Dubai,Linux,7.22,345.83,06-03-2025 03:26
171,136.88.11.252,19.4326,-99.1332,America/Mexico_City,Linux,3.99,402.12,08-03-2025 22:26
172,192.168.1.81,48.8566,2.3522,CET,MacOS,5.1,350,28-02-2025 15:40
172,192.168.1.81,48.852308,2.330046,CET,MacOS,6.66,890.09,28-02-2025 15:57
172,156.35.230.42,-33.9249,18.4241,Africa/Johannesburg,macOS,3.31,1936.58,02-03-2025 16:57
172,150.202.99.146,-33.8688,151.2093,Australia/Sydney,Linux,5.43,1546.55,04-03-2025 20:57
172,168.98.243.137,52.52,13.405,Europe/Berlin,Linux,12.49,719.01,07-03-2025 16:57
173,192.168.1.82,34.0522,-118.244,PST,iOS,4.2,310,28-02-2025 16:50
173,192.168.1.82,34.031761,-118.230706,PST,iOS,11.92,625.37,28-02-2025 17:16
173,95.76.160.201,-23.5505,-46.6333,America/Sao_Paulo,macOS,11.97,1736.71,03-03-2025 10:16
173,188.126.217.32,51.5074,-0.1278,Europe/London,iOS,10.21,495.66,06-03-2025 10:16
173,19.148.219.90,40.7128,-74.006,America/New_York,Windows,8.81,1284.35,09-03-2025 12:16
174,192.168.1.83,52.52,13.405,CET,Android,4.8,340,28-02-2025 18:00
174,192.168.1.83,52.524901,13.433573,CET,Android,8.08,1167.67,28-02-2025 18:20
174,93.143.57.240,19.076,72.8777,Asia/Mumbai,Windows,4.45,995.01,03-03-2025 12:20
174,30.207.49.108,52.52,13.405,Europe/Berlin,Linux,10.7,923.71,05-03-2025 18:20
174,243.120.198.218,-23.5505,-46.6333,America/Sao_Paulo,Android,13.76,549.61,08-03-2025 08:20
175,192.168.1.84,19.076,72.8777,IST,Linux,5.3,360,28-02-2025 19:10
175,192.168.1.84,19.087793,72.872584,IST,Linux,7.64,492.7,28-02-2025 19:24
175,8.170.14.35,19.076,72.8777,Asia/Mumbai,Linux,5.18,1363.24,03-03-2025 14:24
175,81.156.4.100,-23.5505,-46.6333,America/Sao_Paulo,Android,4.06,1765.71,06-03-2025 09:24
175,89.167.39.132,-33.8688,151.2093,Australia/Sydney,macOS,5.16,1315.61,09-03-2025 15:24
176,192.168.1.85,-33.8688,151.209,AEST,Windows,3.9,280,28-02-2025 20:20
176,192.168.1.85,-33.869438,151.249532,AEST,Windows,3.7,851.76,28-02-2025 20:58
176,68.26.97.110,40.7128,-74.006,America/New_York,iOS,3.58,378.85,02-03-2025 23:58
176,105.87.246.48,51.5074,-0.1278,Europe/London,iOS,12.93,1820.14,05-03-2025 07:58
176,216.71.172.143,51.5074,-0.1278,Europe/London,Android,14.57,1772.05,07-03-2025 21:58
177,192.168.1.86,55.7558,37.6173,MSK,MacOS,4.7,320,28-02-2025 21:30
177,192.168.1.86,55.795813,37.600864,MSK,MacOS,7.57,1977.62,28-02-2025 22:16
177,54.153.33.174,-33.9249,18.4241,Africa/Johannesburg,iOS,12.5,1183.21,03-03-2025 18:16
177,113.241.102.96,43.65107,-79.347015,America/Toronto,Linux,5.11,1651.91,05-03-2025 20:16
177,124.120.198.49,25.276987,55.296249,Asia/Dubai,macOS,10.58,858.55,08-03-2025 03:16
178,192.168.1.87,1.3521,103.82,SGT,iOS,4,300,28-02-2025 22:41
178,192.168.1.87,1.353762,103.863969,SGT,iOS,4.85,705.9,28-02-2025 23:30
178,190.32.102.17,51.5074,-0.1278,Europe/London,Windows,6.75,1381.3,03-03-2025 01:30
178,83.55.154.227,19.076,72.8777,Asia/Kolkata,Android,9.93,348.8,05-03-2025 16:30
178,107.106.243.197,-33.9249,18.4241,Africa/Johannesburg,Linux,14.2,1320.71,09-03-2025 11:30
179,192.168.1.88,39.9042,116.407,CST,Android,5.2,350,28-02-2025 23:51
179,192.168.1.88,39.893263,116.395043,CST,Android,13.03,1404.75,01-03-2025 00:07
179,69.174.224.126,-33.8688,151.2093,Australia/Sydney,macOS,10.79,1919.51,03-03-2025 07:07
179,174.60.107.17,-33.9249,18.4241,Africa/Johannesburg,iOS,11.25,367.69,05-03-2025 15:07
179,83.80.194.137,41.0082,28.9784,Europe/Istanbul,iOS,5.58,1592.64,09-03-2025 05:07
180,192.168.1.89,40.7128,-74.006,EST,Linux,4.5,320,01-03-2025 01:01
180,192.168.1.89,40.71475,-74.055747,EST,Linux,4.8,1160.59,01-03-2025 01:43
180,42.6.192.214,43.65107,-79.347015,America/Toronto,iOS,9.26,871,03-03-2025 12:43
180,12.31.200.179,52.52,13.405,Europe/Berlin,macOS,7.78,490.76,05-03-2025 19:43
180,96.97.243.186,41.0082,28.9784,Europe/Istanbul,macOS,4.96,1497.63,09-03-2025 04:43
181,192.168.1.90,-23.5505,-46.6333,BRT,Windows,3.8,290,01-03-2025 02:11
181,192.168.1.90,-23.561131,-46.593608,BRT,Windows,4.38,921.7,01-03-2025 02:54
181,86.248.152.101,25.276987,55.296249,Asia/Dubai,Linux,11.41,777.59,03-03-2025 19:54
181,137.112.189.28,-33.8688,151.2093,Australia/Sydney,iOS,12.89,1096.74,05-03-2025 22:54
181,210.114.205.192,51.5074,-0.1278,Europe/London,macOS,3.25,746.6,09-03-2025 11:54
182,192.168.1.91,31.7683,35.2137,IST,MacOS,4.9,330,01-03-2025 03:22
182,192.168.1.91,31.725934,35.247972,IST,MacOS,14.42,1624.23,01-03-2025 04:19
182,144.165.183.61,19.076,72.8777,Asia/Mumbai,Windows,7.82,1157.9,03-03-2025 23:19
182,193.83.41.100,25.276987,55.296249,Asia/Dubai,Android,14.63,407.31,06-03-2025 13:19
182,243.205.156.83,51.5074,-0.1278,Europe/London,Windows,13.59,540.46,09-03-2025 02:19
183,192.168.1.92,-26.2041,28.0473,SAST,iOS,4.3,310,01-03-2025 04:32
183,192.168.1.92,-26.227655,28.085846,SAST,iOS,9.46,1438.25,01-03-2025 05:18
183,63.247.231.239,51.5074,-0.1278,Europe/London,iOS,7.17,1731.34,03-03-2025 17:18
183,170.171.68.142,-23.5505,-46.6333,America/Sao_Paulo,Android,14.8,915.61,06-03-2025 11:18
183,72.84.44.247,-33.8688,151.2093,Australia/Sydney,Windows,9.1,615.59,08-03-2025 17:18
184,192.168.1.93,35.6895,139.692,JST,Android,5,340,01-03-2025 05:42
184,192.168.1.93,35.681515,139.724308,JST,Android,2.76,889.6,01-03-2025 06:13
184,53.44.162.153,-23.5505,-46.6333,America/Sao_Paulo,Android,2.98,1279.94,03-03-2025 08:13
184,86.46.188.196,43.65107,-79.347015,America/Toronto,macOS,14.36,1139.91,06-03-2025 06:13
184,14.142.205.59,-33.9249,18.4241,Africa/Johannesburg,macOS,9.51,1774.51,10-03-2025 04:13
185,192.168.1.94,47.6062,-122.332,PST,Linux,3.7,280,01-03-2025 06:52
185,192.168.1.94,47.653272,-122.327232,PST,Linux,4.54,581.48,01-03-2025 07:45
185,226.159.226.254,52.52,13.405,Europe/Berlin,Linux,5.27,448.45,03-03-2025 13:45
185,230.99.214.214,-33.9249,18.4241,Africa/Johannesburg,Linux,13.68,1945.22,05-03-2025 13:45
185,217.84.64.218,-33.9249,18.4241,Africa/Johannesburg,Windows,6.11,367.02,07-03-2025 22:45
186,192.168.1.95,41.9028,12.4964,CET,Windows,5.2,350,01-03-2025 08:03
186,192.168.1.95,41.852956,12.527836,CET,Windows,4.33,1901.88,01-03-2025 09:04
186,187.47.215.158,-33.8688,151.2093,Australia/Sydney,Windows,13.89,1621.13,03-03-2025 14:04
186,133.24.129.186,35.6895,139.6917,Asia/Tokyo,iOS,6.46,867.56,05-03-2025 21:04
186,140.173.115.3,19.4326,-99.1332,America/Mexico_City,macOS,12.11,868.18,09-03-2025 08:04
187,192.168.1.96,45.4215,-75.6972,EST,MacOS,4,310,01-03-2025 09:13
187,192.168.1.96,45.39713,-75.745828,EST,MacOS,13.79,1939.85,01-03-2025 10:00
187,142.141.166.245,35.6895,139.6917,Asia/Tokyo,macOS,9.23,383.25,03-03-2025 12:00
187,168.20.76.246,35.6895,139.6917,Asia/Tokyo,Linux,11.01,1079.44,05-03-2025 15:00
187,5.26.121.10,41.0082,28.9784,Europe/Istanbul,iOS,4.37,699.27,07-03-2025 18:00
188,192.168.1.97,25.7617,-80.1918,EST,iOS,4.6,330,01-03-2025 10:23
188,192.168.1.97,25.731146,-80.184556,EST,iOS,7.52,1656.61,01-03-2025 10:58
188,116.203.118.168,25.276987,55.296249,Asia/Dubai,Linux,12.96,418.93,03-03-2025 23:58
188,19.200.28.229,-23.5505,-46.6333,America/Sao_Paulo,Linux,8.73,1600.46,06-03-2025 10:58
188,69.214.31.79,43.65107,-79.347015,America/Toronto,macOS,4.56,1389.95,08-03-2025 18:58
189,192.168.1.98,-22.9068,-43.1729,BRT,Android,5.1,350,01-03-2025 11:33
189,192.168.1.98,-22.942202,-43.155223,BRT,Android,6.15,439.18,01-03-2025 12:17
189,30.15.172.19,-23.5505,-46.6333,America/Sao_Paulo,macOS,5.03,1935.86,04-03-2025 02:17
189,116.138.172.138,-23.5505,-46.6333,America/Sao_Paulo,Linux,12.07,810.23,06-03-2025 02:17
189,204.90.149.96,35.6895,139.6917,Asia/Tokyo,Linux,12.76,1198.42,08-03-2025 18:17
190,192.168.1.99,13.7563,100.502,ICT,Linux,3.9,290,01-03-2025 12:44
190,192.168.1.99,13.799615,100.514516,ICT,Linux,3.13,1484.33,01-03-2025 13:33
190,148.183.48.87,25.276987,55.296249,Asia/Dubai,iOS,4.78,1433.41,04-03-2025 01:33
190,16.4.204.212,25.276987,55.296249,Asia/Dubai,Android,11.28,1122.17,06-03-2025 21:33
190,180.255.224.20,51.5074,-0.1278,Europe/London,Android,7.19,402.04,09-03-2025 21:33
191,192.168.1.100,51.5074,-0.1278,GMT,Windows,4.8,330,01-03-2025 13:54
191,192.168.1.100,51.557046,-0.119388,GMT,Windows,11.44,1149.16,01-03-2025 14:49
191,193.5.16.91,51.5074,-0.1278,Europe/London,Windows,11.82,1149.4,03-03-2025 16:49
191,40.90.115.160,-23.5505,-46.6333,America/Sao_Paulo,macOS,9.49,512.66,05-03-2025 18:49
191,252.111.23.172,19.076,72.8777,Asia/Kolkata,Android,13.61,1625.37,09-03-2025 14:49
192,192.168.1.101,-36.8485,174.763,NZST,MacOS,4.1,300,01-03-2025 15:04
192,192.168.1.101,-36.861292,174.718581,NZST,MacOS,3.96,1086.6,01-03-2025 15:46
192,110.60.62.66,51.5074,-0.1278,Europe/London,macOS,6.55,350.7,04-03-2025 15:46
192,198.13.152.36,-23.5505,-46.6333,America/Sao_Paulo,Linux,3.24,1274.83,07-03-2025 11:46
192,25.83.2.78,55.7558,37.6173,Europe/Moscow,iOS,5.9,759.18,11-03-2025 08:46
193,192.168.1.102,33.749,-84.388,EST,iOS,5,340,01-03-2025 16:14
193,192.168.1.102,33.701589,-84.338575,EST,iOS,2.74,876.8,01-03-2025 17:24
193,87.207.167.213,-33.9249,18.4241,Africa/Johannesburg,macOS,14.03,1769.83,04-03-2025 05:24
193,105.142.168.183,-33.8688,151.2093,Australia/Sydney,Android,5.38,1693.09,06-03-2025 11:24
193,248.253.13.221,-23.5505,-46.6333,America/Sao_Paulo,iOS,2.55,1545.21,08-03-2025 16:24
194,192.168.1.103,60.1695,24.9354,EET,Android,4.4,320,01-03-2025 17:25
194,192.168.1.103,60.17635,24.966649,EET,Android,10.21,362.09,01-03-2025 17:44
194,135.52.102.221,-23.5505,-46.6333,America/Sao_Paulo,Windows,13.75,888.36,04-03-2025 10:44
194,209.221.183.216,-33.9249,18.4241,Africa/Johannesburg,Linux,7.76,1732.8,07-03-2025 03:44
194,174.230.6.131,40.7128,-74.006,America/New_York,iOS,7.21,656.09,10-03-2025 08:44
195,192.168.1.104,59.3293,18.0686,CET,Linux,3.6,270,01-03-2025 18:35
195,192.168.1.104,59.299821,18.092855,CET,Linux,5.79,1604.5,01-03-2025 19:11
195,181.55.74.161,51.5074,-0.1278,Europe/London,Windows,4,719.06,04-03-2025 08:11
195,76.183.215.179,52.52,13.405,Europe/Berlin,iOS,9.85,1343.2,07-03-2025 00:11
195,28.60.72.178,-33.9249,18.4241,Africa/Johannesburg,Windows,9.03,1466.04,09-03-2025 16:11
196,192.168.1.105,14.6928,-17.4467,GMT,Windows,5.3,360,01-03-2025 19:45
196,192.168.1.105,14.674908,-17.486075,GMT,Windows,4.06,536.23,01-03-2025 20:32
196,96.136.136.244,52.52,13.405,Europe/Berlin,Android,10.2,1502.68,03-03-2025 20:32
196,74.16.187.117,40.7128,-74.006,America/New_York,Linux,12.37,1927.77,05-03-2025 23:32
196,177.72.29.153,55.7558,37.6173,Europe/Moscow,Linux,13.27,811.99,08-03-2025 14:32
197,192.168.1.106,9.082,8.6753,WAT,MacOS,4.7,310,01-03-2025 20:55
197,192.168.1.106,9.089882,8.690161,WAT,MacOS,10.46,798.09,01-03-2025 21:14
197,204.28.77.10,40.7128,-74.006,America/New_York,Windows,5.12,1631.07,03-03-2025 21:14
197,139.96.172.234,40.7128,-74.006,America/New_York,Windows,3.21,1513.94,06-03-2025 05:14
197,40.192.64.40,41.0082,28.9784,Europe/Istanbul,Android,9.46,388.43,08-03-2025 20:14
198,192.168.1.107,64.1466,-21.9426,GMT,iOS,4.5,290,01-03-2025 22:06
198,192.168.1.107,64.149192,-21.990794,GMT,iOS,6.25,891.48,01-03-2025 22:29
198,172.19.14.210,40.7128,-74.006,America/New_York,Windows,12.46,993.38,04-03-2025 17:29
198,138.81.206.70,19.076,72.8777,Asia/Kolkata,Linux,14.92,1565.25,07-03-2025 02:29
198,9.102.160.62,-23.5505,-46.6333,America/Sao_Paulo,iOS,7.77,1756.26,09-03-2025 14:29
199,192.168.1.108,50.0755,14.4378,CET,Android,4,280,01-03-2025 23:16
199,192.168.1.108,50.033675,14.415807,CET,Android,13.66,1015.31,02-03-2025 00:05
199,24.60.150.4,-33.9249,18.4241,Africa/Johannesburg,iOS,12.87,308.79,04-03-2025 05:05
199,128.96.63.206,40.7128,-74.006,America/New_York,macOS,13.27,1239.67,06-03-2025 14:05
199,70.51.176.35,52.52,13.405,Europe/Berlin,Android,4.04,1008.62,09-03-2025 03:05
200,192.168.1.109,37.5665,126.978,KST,Linux,4.2,310,02-03-2025 00:26
200,192.168.1.109,37.521616,126.962448,KST,Linux,13.84,1403.62,02-03-2025 01:18
200,124.5.175.28,-33.9249,18.4241,Africa/Johannesburg,iOS,4.33,534.68,04-03-2025 20:18
200,38.112.6.70,-33.8688,151.2093,Australia/Sydney,iOS,11.31,651.92,07-03-2025 04:18
200,158.92.187.118,41.0082,28.9784,Europe/Istanbul,macOS,11.67,1697.02,10-03-2025 08:18
201,192.168.1.10,37.7749,-122.419,America/Los_Angeles,Windows,3.2,1100,01-01-2024 10:15
201,203.0.113.5,34.0522,-118.244,America/Los_Angeles,Android,3.5,1200,20-01-2024 14:22
201,198.51.100.7,40.7128,-74.006,America/New_York,iOS,3,1050,10-02-2024 08:30
201,198.51.100.7,40.675737,-74.049354,America/New_York,iOS,10.97,781.63,10-02-2024 09:25
201,116.189.13.99,-23.5505,-46.6333,America/Sao_Paulo,iOS,10.03,507.39,12-02-2024 23:25
201,215.115.25.166,40.7128,-74.006,America/New_York,iOS,13.37,1078.44,15-02-2024 00:25
201,210.200.62.216,39.9042,116.4074,Asia/Shanghai,macOS,7.28,527.33,17-02-2024 16:25
202,192.168.1.12,51.5074,-0.1278,Europe/London,macOS,4,1250,05-01-2024 09:45
202,203.0.113.12,51.5075,-0.128,Europe/London,Windows,3.9,1230,15-01-2024 11:10
202,203.0.113.12,51.546277,-0.116437,Europe/London,Windows,12.13,866.23,15-01-2024 11:53
202,146.225.72.210,25.276987,55.296249,Asia/Dubai,Linux,13.9,1776.87,18-01-2024 05:53
202,86.255.250.158,-23.5505,-46.6333,America/Sao_Paulo,Windows,2.21,1080.16,21-01-2024 03:53
202,171.18.147.56,39.9042,116.4074,Asia/Shanghai,Android,11.82,1379.18,23-01-2024 18:53
203,198.51.100.23,35.6895,139.692,Asia/Tokyo,Windows,4.2,1400,03-01-2024 07:20
203,203.0.113.8,48.8566,2.3522,Europe/Paris,Android,3.8,1150,23-01-2024 15:05
203,192.168.1.22,40.7128,-74.006,America/New_York,macOS,4,1300,15-02-2024 19:50
203,192.168.1.22,40.69136,-73.965063,America/New_York,macOS,5.2,1555.06,15-02-2024 20:32
203,88.161.90.241,40.7128,-74.006,America/New_York,iOS,6.04,838.88,18-02-2024 17:32
203,15.132.9.90,40.7128,-74.006,America/New_York,Android,14.36,779.9,21-02-2024 02:32
203,196.231.222.169,52.52,13.405,Europe/Berlin,Windows,4.34,1795.98,23-02-2024 22:32
204,203.0.113.20,-33.8688,151.209,Australia/Sydney,Windows,3.6,1280,10-01-2024 12:30
204,198.51.100.9,-37.8136,144.963,Australia/Melbourne,iOS,3.7,1180,28-01-2024 16:45
204,203.0.113.15,1.3521,103.82,Asia/Singapore,Linux,3.5,1100,20-02-2024 14:30
204,203.0.113.15,1.326079,103.849678,Asia/Singapore,Linux,10.88,1328.47,20-02-2024 15:13
204,135.46.209.139,52.52,13.405,Europe/Berlin,Windows,6.83,960.58,22-02-2024 19:13
204,35.206.66.173,40.7128,-74.006,America/New_York,macOS,7.05,672.6,25-02-2024 15:13
204,96.255.36.207,43.65107,-79.347015,America/Toronto,Windows,6.24,1103.92,29-02-2024 14:13
205,192.168.1.30,52.52,13.405,Europe/Berlin,Windows,4.1,1275,08-01-2024 10:10
205,203.0.113.30,55.7558,37.6173,Europe/Moscow,Android,3.9,1220,27-01-2024 13:20
205,203.0.113.30,55.724334,37.655983,Europe/Moscow,Android,13.54,1476.63,27-01-2024 14:03
205,75.81.180.15,35.6895,139.6917,Asia/Tokyo,Android,4.93,1314.43,29-01-2024 23:03
205,195.208.172.34,43.65107,-79.347015,America/Toronto,macOS,8.59,1597.71,01-02-2024 18:03
205,3.236.165.155,19.076,72.8777,Asia/Kolkata,iOS,12.9,490.24,05-02-2024 14:03
206,198.51.100.31,28.6139,77.209,Asia/Kolkata,Windows,4.3,1350,05-01-2024 08:50
206,203.0.113.32,28.614,77.2088,Asia/Kolkata,Android,4.1,1290,15-01-2024 10:15
206,203.0.113.32,28.656455,77.248569,Asia/Kolkata,Android,11.95,840.36,15-01-2024 11:16
206,51.56.199.139,40.7128,-74.006,America/New_York,iOS,8.14,1566.81,18-01-2024 02:16
206,107.42.23.63,-33.8688,151.2093,Australia/Sydney,Android,9.68,1757.14,21-01-2024 00:16
206,35.236.121.198,41.0082,28.9784,Europe/Istanbul,macOS,13.68,1661.47,23-01-2024 05:16
207,192.168.1.33,55.9533,-3.1883,Europe/London,macOS,3.9,1225,07-01-2024 12:40
207,203.0.113.34,34.6937,135.502,Asia/Tokyo,Linux,3.8,1200,01-02-2024 09:25
207,203.0.113.34,34.710464,135.548008,Asia/Tokyo,Linux,12.78,1405.76,01-02-2024 10:11
207,235.231.126.143,19.076,72.8777,Asia/Mumbai,macOS,11.58,1169.34,04-02-2024 01:11
207,196.212.219.28,-33.8688,151.2093,Australia/Sydney,iOS,4.78,1451.39,06-02-2024 20:11
207,61.163.135.195,40.7128,-74.006,America/New_York,Android,7.7,1407.6,09-02-2024 10:11
208,198.51.100.35,-22.9068,-43.1729,America/Sao_Paulo,Windows,4,1300,09-01-2024 14:10
208,203.0.113.36,-22.907,-43.1725,America/Sao_Paulo,iOS,3.7,1190,20-01-2024 18:30
208,203.0.113.36,-22.871628,-43.177322,America/Sao_Paulo,iOS,3.19,557.77,20-01-2024 19:09
208,237.115.127.61,52.52,13.405,Europe/Berlin,Android,11.85,1482.07,23-01-2024 05:09
208,153.168.3.235,-33.8688,151.2093,Australia/Sydney,Linux,8.94,1177.56,26-01-2024 04:09
208,179.10.203.217,39.9042,116.4074,Asia/Shanghai,macOS,5.89,1140.64,30-01-2024 04:09
209,192.168.1.37,39.9042,116.407,Asia/Shanghai,Windows,4.2,1400,12-01-2024 11:30
209,203.0.113.38,40.7306,-73.9352,America/New_York,Android,3.9,1250,10-02-2024 07:40
209,203.0.113.38,40.771057,-73.967327,America/New_York,Android,11.39,1217.21,10-02-2024 08:32
209,55.220.108.181,51.5074,-0.1278,Europe/London,Android,7.43,412.5,12-02-2024 11:32
209,28.21.26.54,19.076,72.8777,Asia/Kolkata,macOS,3.7,1368.62,14-02-2024 11:32
209,174.81.223.179,39.9042,116.4074,Asia/Shanghai,Android,6.54,783.99,18-02-2024 04:32
210,198.51.100.39,19.076,72.8777,Asia/Kolkata,macOS,3.5,1100,14-01-2024 08:45
210,203.0.113.40,13.0827,80.2707,Asia/Kolkata,Windows,3.6,1150,31-01-2024 10:20
210,203.0.113.40,13.086539,80.277908,Asia/Kolkata,Windows,5.73,1388.72,31-01-2024 10:29
210,238.47.199.48,51.5074,-0.1278,Europe/London,Linux,10.07,1088.6,03-02-2024 09:29
210,169.68.14.118,19.076,72.8777,Asia/Kolkata,Windows,4.74,1183.83,06-02-2024 00:29
210,49.58.84.110,-33.9249,18.4241,Africa/Johannesburg,Windows,8.81,383.95,08-02-2024 09:29
211,192.168.1.41,31.2304,121.474,Asia/Shanghai,Linux,3.8,1200,06-01-2024 09:50
211,192.168.1.41,31.219859,121.505179,Asia/Shanghai,Linux,6.36,866.52,06-01-2024 10:22
211,61.246.81.171,-33.9249,18.4241,Africa/Johannesburg,Windows,9.34,620.77,08-01-2024 23:22
211,154.35.161.115,25.276987,55.296249,Asia/Dubai,Linux,7.53,1085.71,11-01-2024 02:22
211,137.106.123.234,40.7128,-74.006,America/New_York,Linux,6.82,1858.48,13-01-2024 10:22
212,203.0.113.42,52.2298,21.0122,Europe/Warsaw,Windows,4,1275,10-01-2024 07:25
212,203.0.113.42,52.242722,21.005988,Europe/Warsaw,Windows,3.14,708.93,10-01-2024 07:40
212,65.144.82.27,-23.5505,-46.6333,America/Sao_Paulo,Linux,3.25,1882.83,12-01-2024 07:40
212,143.13.99.20,25.276987,55.296249,Asia/Dubai,macOS,8.23,1875.12,15-01-2024 00:40
212,86.9.201.220,19.4326,-99.1332,America/Mexico_City,iOS,9.2,1178.43,18-01-2024 12:40
213,198.51.100.43,-33.4489,-70.6693,America/Santiago,iOS,3.7,1220,12-01-2024 16:45
213,198.51.100.43,-33.465174,-70.662883,America/Santiago,iOS,12.18,621.93,12-01-2024 17:04
213,178.41.127.191,-33.8688,151.2093,Australia/Sydney,iOS,9.5,1241.11,14-01-2024 21:04
213,144.191.194.105,19.076,72.8777,Asia/Kolkata,macOS,3.81,616.47,17-01-2024 06:04
213,175.29.9.179,52.52,13.405,Europe/Berlin,macOS,9.45,387.96,20-01-2024 16:04
214,203.0.113.44,-26.2041,28.0473,Africa/Johannesburg,Android,3.5,1150,15-01-2024 18:30
214,203.0.113.44,-26.21083,28.065517,Africa/Johannesburg,Android,5.31,1643.71,15-01-2024 18:49
214,99.127.218.84,51.5074,-0.1278,Europe/London,Linux,10.85,688.56,18-01-2024 13:49
214,152.239.39.137,51.5074,-0.1278,Europe/London,macOS,4.25,1702.55,21-01-2024 11:49
214,206.189.222.97,51.5074,-0.1278,Europe/London,iOS,4.4,1780.58,25-01-2024 11:49
215,192.168.1.45,41.9028,12.4964,Europe/Rome,Windows,4.2,1380,18-01-2024 12:10
215,192.168.1.45,41.937039,12.463552,Europe/Rome,Windows,5.44,1328.41,18-01-2024 12:57
215,32.134.38.55,51.5074,-0.1278,Europe/London,Android,7.77,850.47,20-01-2024 18:57
215,4.157.125.181,-33.9249,18.4241,Africa/Johannesburg,Windows,4.29,1157.4,23-01-2024 08:57
215,128.12.125.229,55.7558,37.6173,Europe/Moscow,Android,8.17,1748.56,27-01-2024 04:57
221,198.51.100.46,35.6762,139.65,Asia/Tokyo,Linux,3.9,1200,04-01-2024 06:30
221,203.0.113.47,37.5665,126.978,Asia/Seoul,macOS,3.7,1180,02-02-2024 09:20
221,203.0.113.47,37.602311,127.0224,Asia/Seoul,macOS,4.95,688.13,02-02-2024 10:16
221,12.63.41.20,43.65107,-79.347015,America/Toronto,Android,11.13,1783.14,04-02-2024 17:16
221,219.117.145.90,43.65107,-79.347015,America/Toronto,macOS,2.81,1535.98,06-02-2024 22:16
221,237.156.145.186,35.6895,139.6917,Asia/Tokyo,macOS,5.88,1526.62,10-02-2024 03:16
222,192.168.1.48,-36.8485,174.763,Pacific/Auckland,Windows,3.8,1240,07-01-2024 15:15
222,203.0.113.49,-12.0464,-77.0428,America/Lima,Android,3.6,1120,01-02-2024 20:40
222,203.0.113.49,-12.028132,-77.03439,America/Lima,Android,12.62,1362.72,01-02-2024 21:02
222,137.85.216.68,19.076,72.8777,Asia/Mumbai,Linux,14,982.05,04-02-2024 06:02
222,75.63.43.159,35.6895,139.6917,Asia/Tokyo,Android,8.8,920.49,07-02-2024 03:02
222,72.250.160.54,43.65107,-79.347015,America/Toronto,iOS,11.67,1543.13,10-02-2024 04:02
223,198.51.100.50,25.277,55.2962,Asia/Dubai,iOS,4,1300,05-01-2024 10:10
223,203.0.113.51,50.8503,4.3517,Europe/Brussels,Windows,3.9,1280,05-02-2024 14:30
223,203.0.113.51,50.896225,4.338123,Europe/Brussels,Windows,5.61,1835.47,05-02-2024 15:22
223,132.185.204.8,25.276987,55.296249,Asia/Dubai,Android,12.95,396.6,08-02-2024 15:22
223,65.206.116.221,43.65107,-79.347015,America/Toronto,iOS,11.41,1496.71,10-02-2024 19:22
223,43.228.93.21,43.65107,-79.347015,America/Toronto,Windows,12.36,1941.54,13-02-2024 11:22
224,192.168.1.52,-3.745,-38.523,America/Fortaleza,Linux,3.7,1210,02-01-2024 17:40
224,192.168.1.52,-3.794575,-38.495121,America/Fortaleza,Linux,10.61,1465.37,02-01-2024 18:43
224,209.94.148.8,19.076,72.8777,Asia/Mumbai,iOS,9.4,1124.33,04-01-2024 20:43
224,26.118.3.126,-33.8688,151.2093,Australia/Sydney,Android,13.24,741.16,07-01-2024 12:43
224,107.94.231.153,35.6895,139.6917,Asia/Tokyo,Windows,14.22,1474.8,11-01-2024 01:43
225,203.0.113.53,60.1695,24.9354,Europe/Helsinki,Windows,4.1,1350,11-01-2024 09:20
225,203.0.113.53,60.177895,24.899363,Europe/Helsinki,Windows,6.63,1059.07,11-01-2024 09:42
225,46.138.37.220,35.6895,139.6917,Asia/Tokyo,iOS,6.02,1738.37,14-01-2024 01:42
225,100.248.232.87,19.076,72.8777,Asia/Kolkata,iOS,8.18,615.46,17-01-2024 00:42
225,221.14.51.24,55.7558,37.6173,Europe/Moscow,Linux,12.43,1436.41,19-01-2024 00:42
226,198.51.100.54,-34.6037,-58.3816,America/Argentina/Buenos_Aires,Android,3.5,1150,15-01-2024 08:10
226,198.51.100.54,-34.650199,-58.41877,America/Argentina/Buenos_Aires,Android,7.49,1998.16,15-01-2024 09:11
226,20.146.35.127,19.076,72.8777,Asia/Mumbai,iOS,6.63,1880.83,17-01-2024 15:11
226,181.126.54.42,-33.8688,151.2093,Australia/Sydney,macOS,13.98,1945.43,20-01-2024 10:11
226,248.127.203.171,43.65107,-79.347015,America/Toronto,iOS,9.45,1178.07,24-01-2024 02:11
227,203.0.113.55,23.1291,113.264,Asia/Shanghai,macOS,3.8,1190,21-01-2024 13:50
227,203.0.113.55,23.094915,113.214864,Asia/Shanghai,macOS,10.06,649.73,21-01-2024 14:53
227,244.245.112.236,35.6895,139.6917,Asia/Tokyo,Android,13.24,1617.45,24-01-2024 05:53
227,67.114.71.70,35.6895,139.6917,Asia/Tokyo,iOS,3.58,362.69,26-01-2024 19:53
227,9.109.171.6,52.52,13.405,Europe/Berlin,macOS,10.5,985.48,30-01-2024 14:53
228,192.168.1.56,45.4642,9.19,Europe/Rome,Windows,4.2,1320,25-01-2024 10:30
228,192.168.1.56,45.416655,9.184713,Europe/Rome,Windows,8.03,1155.74,25-01-2024 11:23
228,28.237.113.91,52.52,13.405,Europe/Berlin,iOS,13.09,665.72,27-01-2024 11:23
228,172.40.2.143,52.52,13.405,Europe/Berlin,Linux,9.01,932.09,29-01-2024 15:23
228,148.178.205.80,51.5074,-0.1278,Europe/London,Linux,5.23,1994.29,31-01-2024 17:23
229,203.0.113.57,19.076,72.8777,Asia/Kolkata,iOS,3.9,1260,01-02-2024 12:15
229,203.0.113.57,19.09809,72.923576,Asia/Kolkata,iOS,12.58,1213.57,01-02-2024 13:09
229,141.199.238.210,40.7128,-74.006,America/New_York,Android,9.88,1635.33,04-02-2024 11:09
229,23.250.123.95,43.65107,-79.347015,America/Toronto,macOS,10.87,1210.89,06-02-2024 14:09
229,120.77.26.40,51.5074,-0.1278,Europe/London,Android,12.16,710.06,09-02-2024 17:09
230,198.51.100.58,-37.8136,144.963,Australia/Melbourne,Android,3.7,1205,07-02-2024 17:20
230,198.51.100.58,-37.863396,144.964893,Australia/Melbourne,Android,12.39,1928.24,07-02-2024 18:16
230,71.40.20.172,51.5074,-0.1278,Europe/London,Windows,4.67,1745.45,10-02-2024 12:16
230,17.7.90.109,-23.5505,-46.6333,America/Sao_Paulo,Android,2.46,369.67,13-02-2024 02:16
230,203.103.185.102,25.276987,55.296249,Asia/Dubai,Linux,8.69,1330.9,16-02-2024 02:16
231,192.168.1.59,48.8566,2.3522,Europe/Paris,Windows,3.9,1225,05-01-2024 08:15
231,203.0.113.60,48.857,2.352,Europe/Paris,Android,4,1260,16-01-2024 09:20
231,203.0.113.60,48.835706,2.321937,Europe/Paris,Android,10.89,1708.42,16-01-2024 09:53
231,43.71.64.190,-23.5505,-46.6333,America/Sao_Paulo,Linux,2.47,1235.53,19-01-2024 06:53
231,40.234.127.90,43.65107,-79.347015,America/Toronto,Windows,3.79,1228.59,22-01-2024 03:53
231,24.114.12.41,51.5074,-0.1278,Europe/London,iOS,2.09,859.06,25-01-2024 22:53
232,198.51.100.61,37.7749,-122.419,America/Los_Angeles,macOS,3.7,1190,07-01-2024 10:40
232,203.0.113.62,51.5074,-0.1278,Europe/London,Linux,3.5,1150,02-02-2024 11:30
232,203.0.113.62,51.502243,-0.093363,Europe/London,Linux,5.5,1905.7,02-02-2024 11:55
232,51.137.127.52,43.65107,-79.347015,America/Toronto,Linux,11.75,1645.73,04-02-2024 22:55
232,122.120.246.147,43.65107,-79.347015,America/Toronto,Linux,5.83,563.56,07-02-2024 05:55
232,128.47.160.57,-23.5505,-46.6333,America/Sao_Paulo,Windows,12.05,1930.92,10-02-2024 11:55
233,192.168.1.63,40.7128,-74.006,America/New_York,iOS,4.1,1285,09-01-2024 15:10
233,203.0.113.64,40.713,-74.0058,America/New_York,Windows,3.9,1220,21-01-2024 17:25
233,203.0.113.64,40.730546,-74.005772,America/New_York,Windows,3.14,572.91,21-01-2024 17:44
233,148.47.38.145,-33.9249,18.4241,Africa/Johannesburg,Linux,5.87,1698.39,24-01-2024 15:44
233,126.50.238.146,35.6895,139.6917,Asia/Tokyo,Linux,13.13,1430.17,26-01-2024 21:44
233,76.158.231.8,19.4326,-99.1332,America/Mexico_City,macOS,7.31,397.14,29-01-2024 19:44
234,198.51.100.65,55.7558,37.6173,Europe/Moscow,Windows,3.8,1210,11-01-2024 11:50
234,203.0.113.66,-33.8688,151.209,Australia/Sydney,Android,3.7,1185,12-02-2024 09:45
234,203.0.113.66,-33.91818,151.218724,Australia/Sydney,Android,10.38,684.26,12-02-2024 10:41
234,170.97.144.201,19.076,72.8777,Asia/Mumbai,macOS,4.08,711.29,14-02-2024 14:41
234,142.37.19.27,-23.5505,-46.6333,America/Sao_Paulo,Linux,3.32,1838.8,17-02-2024 05:41
234,134.2.17.239,40.7128,-74.006,America/New_York,Android,3.78,1319.21,20-02-2024 08:41
235,192.168.1.67,34.0522,-118.244,America/Los_Angeles,Linux,4,1250,12-01-2024 09:30
235,203.0.113.68,35.6895,139.692,Asia/Tokyo,iOS,3.6,1145,15-02-2024 07:10
235,203.0.113.68,35.707738,139.650241,Asia/Tokyo,iOS,13.16,1179.44,15-02-2024 07:53
235,17.115.10.206,35.6895,139.6917,Asia/Tokyo,Windows,11.97,536.01,17-02-2024 18:53
235,226.151.222.176,51.5074,-0.1278,Europe/London,Android,12.76,1593.9,20-02-2024 00:53
235,186.63.128.92,-33.8688,151.2093,Australia/Sydney,macOS,12.62,1953.96,23-02-2024 20:53
236,198.51.100.69,1.3521,103.82,Asia/Singapore,Windows,3.9,1230,14-01-2024 08:40
236,203.0.113.70,51.1657,10.4515,Europe/Berlin,Android,3.8,1200,05-02-2024 12:35
236,203.0.113.70,51.197213,10.447065,Europe/Berlin,Android,8.83,1126.86,05-02-2024 13:10
236,80.134.55.145,-33.9249,18.4241,Africa/Johannesburg,Android,12.39,940.33,07-02-2024 13:10
236,91.139.95.250,19.076,72.8777,Asia/Kolkata,Windows,2.76,1823.36,09-02-2024 13:10
236,56.80.154.192,39.9042,116.4074,Asia/Shanghai,Android,11.61,962.41,11-02-2024 14:10
237,192.168.1.71,6.5244,3.3792,Africa/Lagos,macOS,3.7,1195,16-01-2024 06:50
237,203.0.113.72,39.9042,116.407,Asia/Shanghai,Windows,3.5,1170,10-02-2024 18:20
237,203.0.113.72,39.875039,116.389866,Asia/Shanghai,Windows,12.51,594.39,10-02-2024 18:56
237,29.226.213.28,52.52,13.405,Europe/Berlin,Linux,9.89,1184.76,13-02-2024 07:56
237,172.66.32.114,35.6895,139.6917,Asia/Tokyo,iOS,6.97,1112.39,15-02-2024 10:56
237,72.12.222.218,-33.8688,151.2093,Australia/Sydney,Linux,9.49,1005.53,18-02-2024 07:56
238,198.51.100.73,45.4215,-75.6972,America/Toronto,Linux,4.1,1270,18-01-2024 12:45
238,203.0.113.74,52.52,13.405,Europe/Berlin,Android,3.9,1235,11-02-2024 15:15
238,203.0.113.74,52.532517,13.42559,Europe/Berlin,Android,7.31,342.61,11-02-2024 15:35
238,73.208.23.143,-23.5505,-46.6333,America/Sao_Paulo,Linux,14.84,452.64,13-02-2024 15:35
238,28.140.157.73,25.276987,55.296249,Asia/Dubai,Android,2.32,595.3,15-02-2024 18:35
238,204.4.14.197,19.076,72.8777,Asia/Kolkata,iOS,8.83,1427.99,18-02-2024 00:35
246,192.168.1.75,-15.8267,-47.9218,America/Sao_Paulo,Windows,3.8,1215,20-01-2024 09:30
246,192.168.1.75,-15.801776,-47.892126,America/Sao_Paulo,Windows,10.03,1272.33,20-01-2024 10:12
246,169.153.50.40,51.5074,-0.1278,Europe/London,Linux,9.63,1407.06,22-01-2024 11:12
246,61.235.99.70,-23.5505,-46.6333,America/Sao_Paulo,macOS,10.43,1788.47,24-01-2024 17:12
246,196.196.123.194,-6.2088,106.8456,Asia/Jakarta,Android,10.44,728.92,27-01-2024 01:12
247,203.0.113.76,55.9533,-3.1883,Europe/London,macOS,4,1265,22-01-2024 07:15
247,203.0.113.76,55.92392,-3.21148,Europe/London,macOS,3.66,893.59,22-01-2024 07:50
247,222.210.57.186,52.52,13.405,Europe/Berlin,Linux,3.83,1179.61,24-01-2024 13:50
247,210.137.110.202,-33.9249,18.4241,Africa/Johannesburg,Android,5.28,998.63,26-01-2024 23:50
247,57.99.223.150,43.65107,-79.347015,America/Toronto,Linux,5.8,1766.2,30-01-2024 11:50
248,198.51.100.77,35.6895,139.692,Asia/Tokyo,iOS,3.7,1190,24-01-2024 13:50
248,198.51.100.77,35.672955,139.653415,Asia/Tokyo,iOS,6.79,710.84,24-01-2024 14:30
248,110.106.227.178,43.65107,-79.347015,America/Toronto,Android,13.01,1288.31,26-01-2024 23:30
248,7.137.37.107,52.52,13.405,Europe/Berlin,Android,6.14,384.82,29-01-2024 23:30
248,15.137.156.192,19.076,72.8777,Asia/Kolkata,Android,9.76,1847.45,02-02-2024 01:30
249,203.0.113.78,19.076,72.8777,Asia/Kolkata,Android,3.6,1180,27-01-2024 16:40
249,203.0.113.78,19.098566,72.84161,Asia/Kolkata,Android,12.63,1224.17,27-01-2024 17:25
249,243.121.150.46,51.5074,-0.1278,Europe/London,macOS,11.8,1139.65,30-01-2024 01:25
249,102.47.99.110,25.276987,55.296249,Asia/Dubai,Linux,13.77,1820.24,01-02-2024 19:25
249,227.13.198.169,43.65107,-79.347015,America/Toronto,iOS,3.73,1832.98,04-02-2024 22:25
250,192.168.1.79,31.2304,121.474,Asia/Shanghai,Windows,4.2,1325,29-01-2024 12:15
250,192.168.1.79,31.272822,121.515592,Asia/Shanghai,Windows,8.34,465.62,29-01-2024 13:17
250,229.31.196.201,40.7128,-74.006,America/New_York,macOS,11.27,1384.02,31-01-2024 23:17
250,198.201.105.25,52.52,13.405,Europe/Berlin,macOS,9.54,1910.87,03-02-2024 08:17
250,172.108.59.208,51.5074,-0.1278,Europe/London,iOS,2.84,1752.76,07-02-2024 04:17
261,198.51.100.80,-33.8688,151.209,Australia/Sydney,macOS,3.9,1235,01-02-2024 14:10
261,203.0.113.81,48.2082,16.3738,Europe/Vienna,Linux,3.8,1210,20-02-2024 10:35
261,203.0.113.81,48.223234,16.394759,Europe/Vienna,Linux,4.84,1560.56,20-02-2024 10:58
261,45.186.41.88,35.6895,139.6917,Asia/Tokyo,iOS,6.55,1835.7,23-02-2024 04:58
261,219.142.76.229,52.52,13.405,Europe/Berlin,Android,11.5,1783.25,25-02-2024 11:58
261,109.97.196.237,19.076,72.8777,Asia/Kolkata,Windows,12.23,310.95,27-02-2024 20:58
262,192.168.1.82,51.5074,-0.1278,Europe/London,Windows,4.1,1290,03-02-2024 08:25
262,203.0.113.83,40.7306,-73.9352,America/New_York,Android,3.7,1185,22-02-2024 12:50
262,203.0.113.83,40.760434,-73.893817,America/New_York,Android,7.64,1601.01,22-02-2024 13:38
262,66.137.186.49,35.6895,139.6917,Asia/Tokyo,iOS,2.74,676.86,24-02-2024 23:38
262,39.231.57.116,40.7128,-74.006,America/New_York,Android,5.83,658.52,27-02-2024 21:38
262,248.87.191.117,43.65107,-79.347015,America/Toronto,Windows,12.89,1688.39,02-03-2024 15:38
276,198.51.100.84,28.7041,77.1025,Asia/Kolkata,macOS,3.8,1200,06-02-2024 10:20
276,198.51.100.84,28.743883,77.096012,Asia/Kolkata,macOS,11.09,890.5,06-02-2024 11:05
276,126.145.125.62,19.076,72.8777,Asia/Mumbai,Windows,7.66,1844.44,09-02-2024 00:05
276,91.86.207.130,-23.5505,-46.6333,America/Sao_Paulo,iOS,2.95,1113.46,11-02-2024 05:05
276,49.254.197.163,40.7128,-74.006,America/New_York,Windows,11.98,1994.6,14-02-2024 20:05
277,203.0.113.85,13.7563,100.502,Asia/Bangkok,iOS,3.6,1155,08-02-2024 17:35
277,203.0.113.85,13.803562,100.501334,Asia/Bangkok,iOS,12.53,1346.64,08-02-2024 18:27
277,47.23.34.1,52.52,13.405,Europe/Berlin,iOS,13.05,1233.6,11-02-2024 15:27
277,58.65.107.105,43.65107,-79.347015,America/Toronto,Android,2.71,1421.8,14-02-2024 04:27
277,252.28.44.90,41.0082,28.9784,Europe/Istanbul,iOS,14.2,1953.98,18-02-2024 04:27
278,192.168.1.86,50.9375,6.9603,Europe/Berlin,Windows,4,1255,10-02-2024 14:50
278,192.168.1.86,50.955742,6.937728,Europe/Berlin,Windows,12.34,1249.59,10-02-2024 15:16
278,59.76.129.180,-33.8688,151.2093,Australia/Sydney,Android,2.32,1819.81,13-02-2024 15:16
278,155.216.102.23,52.52,13.405,Europe/Berlin,Linux,6.27,631.3,16-02-2024 07:16
278,73.206.111.75,40.7128,-74.006,America/New_York,Android,8.16,711.97,18-02-2024 07:16
279,203.0.113.87,25.2854,51.531,Asia/Qatar,Linux,3.9,1220,12-02-2024 08:40
279,203.0.113.87,25.251001,51.577662,Asia/Qatar,Linux,10.34,1067.65,12-02-2024 09:41
279,171.114.60.125,35.6895,139.6917,Asia/Tokyo,macOS,11.22,453.29,15-02-2024 02:41
279,141.24.23.40,35.6895,139.6917,Asia/Tokyo,Android,9,1113.47,17-02-2024 15:41
279,204.230.148.183,25.276987,55.296249,Asia/Dubai,Android,8.19,935.42,20-02-2024 19:41
280,198.51.100.88,-22.9068,-43.1729,America/Sao_Paulo,Android,3.7,1195,14-02-2024 20:15
280,198.51.100.88,-22.857398,-43.191434,America/Sao_Paulo,Android,6.51,1029.38,14-02-2024 21:13
280,222.85.19.185,51.5074,-0.1278,Europe/London,Linux,2.08,1056.41,17-02-2024 02:13
280,180.7.9.54,40.7128,-74.006,America/New_York,macOS,2.72,401,19-02-2024 07:13
280,150.234.111.206,-23.5505,-46.6333,America/Sao_Paulo,iOS,3.18,1424.48,22-02-2024 02:13
281,192.168.1.89,37.5665,126.978,Asia/Seoul,Windows,3.9,1225,16-02-2024 08:15
281,203.0.113.90,37.5666,126.978,Asia/Seoul,Android,4,1260,25-02-2024 09:20
281,203.0.113.90,37.580564,126.973055,Asia/Seoul,Android,9.04,791.63,25-02-2024 09:36
281,53.94.177.58,43.65107,-79.347015,America/Toronto,iOS,2.77,819.36,28-02-2024 01:36
281,232.207.83.56,19.076,72.8777,Asia/Kolkata,Linux,6.52,1766.65,01-03-2024 15:36
281,40.165.185.204,39.9042,116.4074,Asia/Shanghai,macOS,6.41,1229.1,04-03-2024 21:36
282,198.51.100.91,52.3676,4.9041,Europe/Amsterdam,macOS,3.7,1190,18-02-2024 10:40
282,203.0.113.92,-33.9249,18.4241,Africa/Johannesburg,Linux,3.5,1150,10-03-2024 11:30
282,203.0.113.92,-33.951149,18.474013,Africa/Johannesburg,Linux,5.89,861.82,10-03-2024 12:25
282,71.84.146.253,35.6895,139.6917,Asia/Tokyo,Windows,7.11,1779.02,12-03-2024 18:25
282,236.61.49.4,51.5074,-0.1278,Europe/London,Android,6.56,1401.47,14-03-2024 22:25
282,50.97.17.152,-23.5505,-46.6333,America/Sao_Paulo,Linux,8.25,1319.15,17-03-2024 03:25
283,192.168.1.93,41.9028,12.4964,Europe/Rome,iOS,4.1,1285,20-02-2024 15:10
283,203.0.113.94,41.903,12.4962,Europe/Rome,Windows,3.9,1220,28-02-2024 17:25
283,203.0.113.94,41.948111,12.521378,Europe/Rome,Windows,7.4,1630.56,28-02-2024 18:19
283,145.129.227.216,35.6895,139.6917,Asia/Tokyo,Linux,11.73,1480.44,02-03-2024 00:19
283,208.122.224.206,-33.9249,18.4241,Africa/Johannesburg,iOS,13.47,1093.63,04-03-2024 13:19
283,58.187.188.119,19.4326,-99.1332,America/Mexico_City,Linux,13.71,1233.44,07-03-2024 19:19
284,198.51.100.95,-37.8136,144.963,Australia/Melbourne,Windows,3.8,1210,22-02-2024 11:50
284,203.0.113.96,40.7128,-74.006,America/New_York,Android,3.7,1185,15-03-2024 09:45
284,203.0.113.96,40.711689,-74.009024,America/New_York,Android,10.01,1725.56,15-03-2024 09:48
284,59.31.235.242,51.5074,-0.1278,Europe/London,Android,14.85,1457.53,18-03-2024 06:48
284,160.24.6.75,25.276987,55.296249,Asia/Dubai,Linux,9.62,1245.66,20-03-2024 14:48
284,211.187.170.188,55.7558,37.6173,Europe/Moscow,Linux,13.81,1599.95,23-03-2024 01:48
285,192.168.1.97,60.1695,24.9354,Europe/Helsinki,Linux,4,1250,24-02-2024 09:30
285,203.0.113.98,55.7558,37.6173,Europe/Moscow,iOS,3.6,1145,20-03-2024 07:10
285,203.0.113.98,55.791669,37.597505,Europe/Moscow,iOS,13.67,446.95,20-03-2024 07:52
285,159.122.29.36,25.276987,55.296249,Asia/Dubai,macOS,8.28,1535,23-03-2024 07:52
285,229.245.160.197,-33.9249,18.4241,Africa/Johannesburg,macOS,13.32,1451.86,25-03-2024 18:52
285,158.100.224.49,43.65107,-79.347015,America/Toronto,macOS,13.59,483.02,27-03-2024 23:52
286,198.51.100.99,25.277,55.2962,Asia/Dubai,Windows,3.9,1230,26-02-2024 08:40
286,203.0.113.100,-23.5505,-46.6333,America/Sao_Paulo,Android,3.8,1200,18-03-2024 12:35
286,203.0.113.100,-23.596493,-46.597047,America/Sao_Paulo,Android,10.1,1373.07,18-03-2024 13:38
286,205.44.68.170,40.7128,-74.006,America/New_York,macOS,14.18,1870.35,21-03-2024 07:38
286,173.111.8.166,52.52,13.405,Europe/Berlin,Linux,14.06,1520.61,23-03-2024 19:38
286,24.3.230.134,-23.5505,-46.6333,America/Sao_Paulo,Windows,12.74,485.65,27-03-2024 08:38
287,192.168.1.101,59.3293,18.0686,Europe/Stockholm,macOS,3.7,1195,28-02-2024 06:50
287,203.0.113.102,39.9042,116.407,Asia/Shanghai,Windows,3.5,1170,17-03-2024 18:20
287,203.0.113.102,39.918127,116.431716,Asia/Shanghai,Windows,7.14,1384.58,17-03-2024 18:46
287,180.45.222.1,43.65107,-79.347015,America/Toronto,Linux,14.6,1140.52,20-03-2024 02:46
287,250.80.4.6,25.276987,55.296249,Asia/Dubai,Linux,5.88,1401.49,22-03-2024 23:46
287,12.100.138.16,-33.9249,18.4241,Africa/Johannesburg,macOS,14.79,457.37,26-03-2024 05:46
288,198.51.100.103,39.9334,32.8597,Europe/Istanbul,Linux,4.1,1270,01-03-2024 12:45
288,203.0.113.104,-1.2921,36.8219,Africa/Nairobi,Android,3.9,1235,19-03-2024 15:15
288,203.0.113.104,-1.328108,36.79353,Africa/Nairobi,Android,6.99,893.04,19-03-2024 16:06
288,149.31.31.89,19.076,72.8777,Asia/Mumbai,iOS,9.49,969.83,21-03-2024 16:06
288,62.251.131.225,40.7128,-74.006,America/New_York,Windows,7.85,1944.1,23-03-2024 19:06
288,49.14.239.138,40.7128,-74.006,America/New_York,Windows,12.99,884.92,27-03-2024 08:06
296,192.168.1.105,21.3891,39.8579,Asia/Riyadh,Windows,3.8,1215,03-03-2024 09:30
296,192.168.1.105,21.413121,39.874282,Asia/Riyadh,Windows,8.75,1392.99,03-03-2024 10:01
296,141.201.245.140,-23.5505,-46.6333,America/Sao_Paulo,iOS,14.34,1904.17,05-03-2024 21:01
296,166.194.160.155,25.276987,55.296249,Asia/Dubai,Windows,10.98,1924.94,08-03-2024 11:01
296,193.74.9.60,51.5074,-0.1278,Europe/London,iOS,4.01,1663.69,11-03-2024 09:01
297,203.0.113.106,47.6062,-122.332,America/Los_Angeles,macOS,4,1265,05-03-2024 07:15
297,203.0.113.106,47.579088,-122.334629,America/Los_Angeles,macOS,7.59,637.81,05-03-2024 07:45
297,68.59.167.149,40.7128,-74.006,America/New_York,Android,13.36,1924.29,08-03-2024 04:45
297,53.38.230.222,52.52,13.405,Europe/Berlin,Windows,9.14,1107.27,10-03-2024 14:45
297,96.81.178.172,39.9042,116.4074,Asia/Shanghai,Linux,5.59,1878.67,14-03-2024 07:45
298,198.51.100.107,-26.2041,28.0473,Africa/Johannesburg,iOS,3.7,1190,07-03-2024 13:50
298,198.51.100.107,-26.198586,28.027188,Africa/Johannesburg,iOS,6.6,1841.79,07-03-2024 14:11
298,220.152.34.161,-33.8688,151.2093,Australia/Sydney,macOS,11.62,1050.92,10-03-2024 04:11
298,31.54.39.247,19.076,72.8777,Asia/Kolkata,Android,11.36,349.72,13-03-2024 04:11
298,90.43.51.62,55.7558,37.6173,Europe/Moscow,Android,6.84,730,17-03-2024 02:11
299,203.0.113.108,55.6761,12.5683,Europe/Copenhagen,Android,3.6,1180,09-03-2024 16:40
299,203.0.113.108,55.669102,12.573009,Europe/Copenhagen,Android,13.95,603.07,09-03-2024 16:48
299,164.199.228.159,25.276987,55.296249,Asia/Dubai,Windows,3.02,1772.9,12-03-2024 10:48
299,186.26.8.81,43.65107,-79.347015,America/Toronto,Android,7.41,1292.98,15-03-2024 02:48
299,224.225.49.83,55.7558,37.6173,Europe/Moscow,macOS,8.94,321.77,18-03-2024 16:48
300,192.168.1.109,19.4326,-99.1332,America/Mexico_City,Windows,4.2,1325,11-03-2024 12:15
300,192.168.1.109,19.424434,-99.143058,America/Mexico_City,Windows,8.61,1923.31,11-03-2024 12:29
300,110.229.100.132,-33.8688,151.2093,Australia/Sydney,macOS,13.13,1885.92,14-03-2024 06:29
300,209.90.23.34,43.65107,-79.347015,America/Toronto,iOS,14.04,1068.81,16-03-2024 21:29
300,139.250.48.184,40.7128,-74.006,America/New_York,Windows,6.07,1107.2,20-03-2024 09:29
301,192.168.1.110,48.8566,2.3522,Europe/Paris,Windows,3.9,1200,12-02-2024 08:10
301,192.168.1.110,48.839611,2.314903,Europe/Paris,Windows,7.49,1190.73,12-02-2024 08:43
301,32.238.210.228,-23.5505,-46.6333,America/Sao_Paulo,iOS,13.61,454.56,14-02-2024 20:43
301,226.5.110.171,25.276987,55.296249,Asia/Dubai,iOS,14.86,1925.33,17-02-2024 17:43
301,83.19.70.128,-33.9249,18.4241,Africa/Johannesburg,macOS,5.77,1600.42,20-02-2024 23:43
302,203.0.113.111,-34.6037,-58.3816,America/Argentina/Buenos_Aires,macOS,4.1,1300,14-02-2024 12:25
302,203.0.113.111,-34.596943,-58.335786,America/Argentina/Buenos_Aires,macOS,4.59,1713.31,14-02-2024 13:08
302,199.145.208.193,52.52,13.405,Europe/Berlin,Windows,2.49,1475.23,16-02-2024 14:08
302,242.43.32.39,51.5074,-0.1278,Europe/London,Linux,2.45,996.32,18-02-2024 20:08
302,28.85.132.47,55.7558,37.6173,Europe/Moscow,Linux,12.23,1072.11,21-02-2024 02:08
303,198.51.100.112,13.7563,100.502,Asia/Bangkok,Android,3.5,1150,16-02-2024 14:30
303,198.51.100.112,13.764414,100.465082,Asia/Bangkok,Android,10.45,1497.48,16-02-2024 15:11
303,167.115.131.49,40.7128,-74.006,America/New_York,Linux,9.86,1249.91,19-02-2024 10:11
303,238.17.53.136,25.276987,55.296249,Asia/Dubai,macOS,11.68,590.98,21-02-2024 23:11
303,103.42.205.227,-6.2088,106.8456,Asia/Jakarta,Windows,9.14,1070.62,25-02-2024 02:11
304,203.0.113.113,50.1109,8.6821,Europe/Berlin,iOS,4,1250,18-02-2024 18:45
304,203.0.113.113,50.11465,8.709859,Europe/Berlin,iOS,4.89,1196.93,18-02-2024 19:05
304,59.140.136.158,35.6895,139.6917,Asia/Tokyo,macOS,3.76,1533.09,20-02-2024 19:05
304,166.165.92.112,52.52,13.405,Europe/Berlin,Linux,9.07,948.16,22-02-2024 22:05
304,206.247.113.236,19.076,72.8777,Asia/Kolkata,macOS,5.71,1288.92,25-02-2024 05:05
305,192.168.1.114,1.3521,103.82,Asia/Singapore,Windows,3.8,1225,20-02-2024 06:50
305,192.168.1.114,1.320751,103.799643,Asia/Singapore,Windows,7.16,1088.78,20-02-2024 07:32
305,135.51.248.100,52.52,13.405,Europe/Berlin,Android,4.34,1998.96,22-02-2024 16:32
305,176.35.212.40,43.65107,-79.347015,America/Toronto,Linux,5.17,1994.8,25-02-2024 16:32
305,85.108.222.31,-33.8688,151.2093,Australia/Sydney,Windows,14.77,1234.23,29-02-2024 08:32
306,203.0.113.115,33.6844,73.0479,Asia/Karachi,Linux,3.6,1180,22-02-2024 09:15
306,203.0.113.115,33.658473,73.020331,Asia/Karachi,Linux,14.42,496.68,22-02-2024 09:53
306,132.134.153.30,51.5074,-0.1278,Europe/London,Windows,2.15,594.8,24-02-2024 22:53
306,77.252.114.252,-33.9249,18.4241,Africa/Johannesburg,Windows,6.86,1597.86,27-02-2024 01:53
306,151.54.174.57,43.65107,-79.347015,America/Toronto,iOS,2.03,565.74,29-02-2024 06:53
307,198.51.100.116,35.6895,139.692,Asia/Tokyo,Android,4.2,1350,24-02-2024 11:20
307,198.51.100.116,35.640169,139.715831,Asia/Tokyo,Android,3.05,698.13,24-02-2024 12:19
307,191.187.122.200,-23.5505,-46.6333,America/Sao_Paulo,Windows,14.4,682.36,26-02-2024 21:19
307,134.243.202.122,51.5074,-0.1278,Europe/London,Windows,12.01,1796.12,29-02-2024 14:19
307,61.167.122.59,-33.8688,151.2093,Australia/Sydney,Android,12.23,1267.62,03-03-2024 09:19
308,203.0.113.117,19.076,72.8777,Asia/Kolkata,macOS,3.7,1190,26-02-2024 13:35
308,203.0.113.117,19.074809,72.87816,Asia/Kolkata,macOS,10.16,1682.42,26-02-2024 13:37
308,175.207.254.21,43.65107,-79.347015,America/Toronto,Android,12.27,888.19,28-02-2024 19:37
308,52.20.147.196,-23.5505,-46.6333,America/Sao_Paulo,Linux,2.52,435.73,01-03-2024 20:37
308,70.104.224.106,51.5074,-0.1278,Europe/London,iOS,7.27,1243.82,05-03-2024 03:37
309,192.168.1.118,-33.4489,-70.6693,America/Santiago,Windows,3.9,1210,28-02-2024 15:40
309,192.168.1.118,-33.461577,-70.696929,America/Santiago,Windows,14.77,1029.58,28-02-2024 16:10
309,21.124.176.156,19.076,72.8777,Asia/Mumbai,Windows,10.21,413.98,01-03-2024 22:10
309,252.33.131.212,-23.5505,-46.6333,America/Sao_Paulo,macOS,14.1,936.87,04-03-2024 10:10
309,111.217.160.108,41.0082,28.9784,Europe/Istanbul,Linux,9.74,354.88,07-03-2024 09:10
310,203.0.113.119,45.4642,9.19,Europe/Rome,Linux,4.1,1285,01-03-2024 17:50
310,203.0.113.119,45.461619,9.237604,Europe/Rome,Linux,7.26,1457.26,01-03-2024 18:27
310,152.217.236.17,-33.9249,18.4241,Africa/Johannesburg,Windows,7.94,1395.28,03-03-2024 20:27
310,216.113.114.156,51.5074,-0.1278,Europe/London,iOS,10.58,1621.02,06-03-2024 03:27
310,160.106.148.212,51.5074,-0.1278,Europe/London,iOS,4.94,1787.48,09-03-2024 10:27
311,198.51.100.120,37.7749,-122.419,America/Los_Angeles,Android,3.6,1160,03-03-2024 09:15
311,203.0.113.121,-22.9068,-43.1729,America/Sao_Paulo,iOS,3.5,1145,20-03-2024 11:30
311,203.0.113.121,-22.897937,-43.193807,America/Sao_Paulo,iOS,7.83,1351.38,20-03-2024 11:54
311,45.255.71.200,-33.8688,151.2093,Australia/Sydney,Linux,5.57,429.13,22-03-2024 13:54
311,177.224.117.161,25.276987,55.296249,Asia/Dubai,iOS,12.82,1499.49,24-03-2024 14:54
311,84.132.95.233,-6.2088,106.8456,Asia/Jakarta,macOS,11.3,868.3,28-03-2024 09:54
312,192.168.1.122,55.9533,-3.1883,Europe/London,Windows,4,1255,05-03-2024 07:45
312,203.0.113.123,-36.8485,174.763,Pacific/Auckland,macOS,3.8,1220,22-03-2024 10:50
312,203.0.113.123,-36.806758,174.732374,Pacific/Auckland,macOS,13.59,887.75,22-03-2024 11:44
312,22.53.35.102,51.5074,-0.1278,Europe/London,macOS,5.32,1399,25-03-2024 05:44
312,175.154.76.83,25.276987,55.296249,Asia/Dubai,Android,13.38,1625.53,28-03-2024 03:44
312,216.120.178.12,52.52,13.405,Europe/Berlin,iOS,6.7,1112.27,31-03-2024 14:44
313,198.51.100.124,52.52,13.405,Europe/Berlin,Linux,3.7,1200,07-03-2024 12:10
313,203.0.113.125,40.4168,-3.7038,Europe/Madrid,Android,3.6,1185,24-03-2024 08:20
313,203.0.113.125,40.432723,-3.712341,Europe/Madrid,Android,3.2,1836.89,24-03-2024 08:39
313,159.50.55.254,35.6895,139.6917,Asia/Tokyo,iOS,5.94,355.76,26-03-2024 14:39
313,9.185.56.124,51.5074,-0.1278,Europe/London,Android,7.88,1992.49,29-03-2024 01:39
313,152.139.36.142,19.076,72.8777,Asia/Kolkata,Android,10.47,1528.4,31-03-2024 03:39
314,192.168.1.126,43.6511,-79.347,America/Toronto,iOS,3.9,1245,09-03-2024 14:30
314,203.0.113.127,28.6139,77.209,Asia/Kolkata,Windows,3.8,1225,26-03-2024 18:50
314,203.0.113.127,28.634774,77.228514,Asia/Kolkata,Windows,7.89,1574.24,26-03-2024 19:20
314,166.209.206.17,-33.8688,151.2093,Australia/Sydney,Windows,6.48,549.24,28-03-2024 21:20
314,10.48.35.175,52.52,13.405,Europe/Berlin,Linux,14.91,1877.8,31-03-2024 14:20
314,157.137.18.148,-23.5505,-46.6333,America/Sao_Paulo,Android,5.48,1351.28,02-04-2024 20:20
315,198.51.100.128,41.0082,28.9784,Europe/Istanbul,macOS,4.1,1300,11-03-2024 16:10
315,203.0.113.129,35.6762,139.65,Asia/Tokyo,Android,3.7,1180,28-03-2024 20:40
315,203.0.113.129,35.712199,139.616661,Asia/Tokyo,Android,3.9,1857.92,28-03-2024 21:30
315,209.32.120.253,-33.8688,151.2093,Australia/Sydney,Android,14.24,1976.64,31-03-2024 05:30
315,221.217.124.243,19.076,72.8777,Asia/Kolkata,iOS,12.49,666.97,02-04-2024 12:30
315,68.15.222.58,19.076,72.8777,Asia/Kolkata,Linux,10.47,1836.93,05-04-2024 22:30
316,198.51.100.140,48.2082,16.3738,Europe/Vienna,Windows,3.7,1185,12-03-2024 10:30
316,198.51.100.140,48.232461,16.324602,Europe/Vienna,Windows,10.76,1036.8,12-03-2024 11:16
316,65.115.237.44,-23.5505,-46.6333,America/Sao_Paulo,Android,9.34,685.12,14-03-2024 22:16
316,47.97.8.120,40.7128,-74.006,America/New_York,iOS,12.31,1720.32,17-03-2024 00:16
316,17.121.101.29,52.52,13.405,Europe/Berlin,Linux,8.71,449.16,19-03-2024 20:16
317,203.0.113.141,-33.9249,18.4241,Africa/Johannesburg,macOS,3.8,1210,13-03-2024 12:15
317,203.0.113.141,-33.882617,18.378737,Africa/Johannesburg,macOS,12.33,1362.71,13-03-2024 13:18
317,51.142.9.70,51.5074,-0.1278,Europe/London,Windows,6.07,1411.04,16-03-2024 13:18
317,122.104.56.227,52.52,13.405,Europe/Berlin,macOS,9.1,1946.5,18-03-2024 22:18
317,19.190.211.76,-6.2088,106.8456,Asia/Jakarta,Android,11.02,1096.11,21-03-2024 12:18
318,192.168.1.142,31.2304,121.474,Asia/Shanghai,Android,3.9,1230,14-03-2024 14:45
318,192.168.1.142,31.205357,121.449706,Asia/Shanghai,Android,8.14,968.25,14-03-2024 15:21
318,61.9.215.108,25.276987,55.296249,Asia/Dubai,Windows,6.94,1612.33,17-03-2024 11:21
318,103.229.124.88,40.7128,-74.006,America/New_York,iOS,11.83,1728.99,20-03-2024 11:21
318,70.155.214.180,39.9042,116.4074,Asia/Shanghai,iOS,9.01,1120.12,23-03-2024 03:21
319,203.0.113.143,40.7128,-74.006,America/New_York,iOS,4,1275,15-03-2024 16:20
319,203.0.113.143,40.705217,-74.0516,America/New_York,iOS,11.22,449.66,15-03-2024 16:59
319,161.165.186.191,-23.5505,-46.6333,America/Sao_Paulo,macOS,3.48,1661.31,18-03-2024 06:59
319,6.66.157.153,40.7128,-74.006,America/New_York,Linux,9.96,779.4,20-03-2024 23:59
319,187.166.170.180,19.076,72.8777,Asia/Kolkata,iOS,2.06,827.94,24-03-2024 00:59
320,198.51.100.144,55.7558,37.6173,Europe/Moscow,Linux,3.6,1170,16-03-2024 08:50
320,198.51.100.144,55.754664,37.574149,Europe/Moscow,Linux,7.89,1314.31,16-03-2024 09:17
320,82.128.255.202,51.5074,-0.1278,Europe/London,iOS,5.35,1052.26,18-03-2024 13:17
320,238.81.52.20,35.6895,139.6917,Asia/Tokyo,Windows,12.52,575.29,20-03-2024 14:17
320,175.155.98.11,-33.9249,18.4241,Africa/Johannesburg,Windows,8.26,1692.41,23-03-2024 17:17
321,192.168.1.145,37.9838,23.7275,Europe/Athens,Windows,3.8,1220,17-03-2024 10:10
321,203.0.113.146,19.076,72.8777,Asia/Kolkata,iOS,3.7,1195,04-04-2024 14:30
321,203.0.113.146,19.027875,72.833787,Asia/Kolkata,iOS,13.81,1044.18,04-04-2024 15:41
321,33.163.186.79,52.52,13.405,Europe/Berlin,macOS,5.19,386.38,07-04-2024 00:41
321,40.67.8.154,52.52,13.405,Europe/Berlin,Windows,3.04,1325.87,09-04-2024 06:41
321,90.182.32.100,40.7128,-74.006,America/New_York,Android,7.6,940.64,11-04-2024 19:41
322,198.51.100.147,34.0522,-118.244,America/Los_Angeles,Android,4.1,1305,18-03-2024 09:45
322,203.0.113.148,-22.9068,-43.1729,America/Sao_Paulo,Linux,3.8,1215,06-04-2024 11:50
322,203.0.113.148,-22.860465,-43.217842,America/Sao_Paulo,Linux,3.69,1585.06,06-04-2024 12:59
322,7.188.83.122,52.52,13.405,Europe/Berlin,Linux,5.42,898.73,08-04-2024 15:59
322,147.94.15.19,35.6895,139.6917,Asia/Tokyo,Android,9.31,953.23,11-04-2024 12:59
322,179.197.24.159,-33.8688,151.2093,Australia/Sydney,Windows,2.59,844.3,14-04-2024 03:59
323,192.168.1.149,-26.2041,28.0473,Africa/Johannesburg,macOS,3.6,1165,19-03-2024 12:30
323,203.0.113.150,51.5074,-0.1278,Europe/London,Windows,3.9,1245,08-04-2024 17:15
323,203.0.113.150,51.494917,-0.084526,Europe/London,Windows,9.55,483.58,08-04-2024 17:48
323,217.27.140.43,52.52,13.405,Europe/Berlin,Android,14.26,582.54,11-04-2024 16:48
323,97.4.30.119,43.65107,-79.347015,America/Toronto,Windows,14.82,1089.4,13-04-2024 22:48
323,146.8.46.186,-33.9249,18.4241,Africa/Johannesburg,iOS,14.36,511.33,16-04-2024 06:48
324,198.51.100.151,35.6895,139.692,Asia/Tokyo,iOS,3.7,1200,20-03-2024 15:10
324,203.0.113.152,-37.8136,144.963,Australia/Melbourne,Android,3.8,1225,10-04-2024 19:30
324,203.0.113.152,-37.809243,144.950784,Australia/Melbourne,Android,11.57,357.45,10-04-2024 19:42
324,218.45.53.172,35.6895,139.6917,Asia/Tokyo,Linux,2.76,1217.67,13-04-2024 15:42
324,203.226.209.247,43.65107,-79.347015,America/Toronto,iOS,5.52,1901.94,16-04-2024 15:42
324,101.212.34.23,-23.5505,-46.6333,America/Sao_Paulo,macOS,2.86,1140.11,19-04-2024 10:42
325,192.168.1.153,52.52,13.405,Europe/Berlin,Windows,4,1265,21-03-2024 18:50
325,203.0.113.154,41.9028,12.4964,Europe/Rome,Linux,3.7,1190,12-04-2024 21:45
325,203.0.113.154,41.893543,12.485944,Europe/Rome,Linux,8.32,686.62,12-04-2024 21:58
325,94.102.44.120,40.7128,-74.006,America/New_York,macOS,7.83,319.19,15-04-2024 09:58
325,35.211.40.139,40.7128,-74.006,America/New_York,Windows,11.4,1493.4,18-04-2024 03:58
325,110.143.184.204,41.0082,28.9784,Europe/Istanbul,macOS,7.79,1226.93,21-04-2024 14:58
326,198.51.100.155,-34.6037,-58.3816,America/Argentina/Buenos_Aires,macOS,3.8,1215,22-03-2024 09:30
326,203.0.113.156,28.7041,77.1025,Asia/Kolkata,iOS,3.6,1185,14-04-2024 10:50
326,203.0.113.156,28.663085,77.10255,Asia/Kolkata,iOS,3.8,1287.34,14-04-2024 11:36
326,78.45.63.174,40.7128,-74.006,America/New_York,iOS,2.94,548.12,17-04-2024 00:36
326,168.162.72.213,19.076,72.8777,Asia/Kolkata,iOS,11.89,431.87,19-04-2024 11:36
326,139.60.77.226,-33.9249,18.4241,Africa/Johannesburg,Android,14.86,1564.52,22-04-2024 15:36
327,192.168.1.157,41.3851,2.1734,Europe/Madrid,Windows,4.1,1300,23-03-2024 12:10
327,203.0.113.158,33.8688,151.209,Australia/Sydney,Android,3.7,1180,16-04-2024 13:30
327,203.0.113.158,33.824232,151.219611,Australia/Sydney,Android,8.68,605.16,16-04-2024 14:21
327,130.22.200.12,43.65107,-79.347015,America/Toronto,Android,10.6,1763.9,19-04-2024 12:21
327,175.182.157.43,-33.9249,18.4241,Africa/Johannesburg,Linux,12.58,524.26,21-04-2024 16:21
327,217.112.77.35,35.6895,139.6917,Asia/Tokyo,iOS,2.63,1610.8,25-04-2024 12:21
328,198.51.100.159,50.0755,14.4378,Europe/Prague,Linux,3.9,1240,24-03-2024 14:40
328,203.0.113.160,1.3521,103.82,Asia/Singapore,macOS,3.8,1220,18-04-2024 16:50
328,203.0.113.160,1.344854,103.861881,Asia/Singapore,macOS,11.24,811.75,18-04-2024 17:38
328,209.132.51.53,43.65107,-79.347015,America/Toronto,Windows,14.26,1571.59,21-04-2024 00:38
328,96.208.11.89,-33.8688,151.2093,Australia/Sydney,iOS,4.39,1844.6,23-04-2024 15:38
328,36.94.193.147,19.076,72.8777,Asia/Kolkata,Android,9.31,669.79,26-04-2024 11:38
329,192.168.1.161,40.4168,-3.7038,Europe/Madrid,iOS,3.6,1175,25-03-2024 16:50
329,203.0.113.162,-27.4705,153.026,Australia/Brisbane,Windows,3.7,1185,20-04-2024 18:30
329,203.0.113.162,-27.438054,153.038367,Australia/Brisbane,Windows,8.11,1838.57,20-04-2024 19:08
329,73.26.71.160,-33.8688,151.2093,Australia/Sydney,iOS,11.87,1427.66,23-04-2024 07:08
329,141.188.2.73,43.65107,-79.347015,America/Toronto,Windows,12.26,1396.73,25-04-2024 17:08
329,133.115.157.23,-33.8688,151.2093,Australia/Sydney,Linux,10.45,1883.48,28-04-2024 16:08
330,198.51.100.163,35.6762,139.65,Asia/Tokyo,Android,4,1260,26-03-2024 18:20
330,203.0.113.164,37.7749,-122.419,America/Los_Angeles,Linux,3.8,1225,22-04-2024 19:45
330,203.0.113.164,37.784282,-122.464938,America/Los_Angeles,Linux,4.68,1163.11,22-04-2024 20:26
330,236.222.229.72,25.276987,55.296249,Asia/Dubai,macOS,6.33,1395.54,25-04-2024 05:26
330,176.69.133.142,52.52,13.405,Europe/Berlin,Android,14.9,1187.27,27-04-2024 10:26
330,22.89.227.58,-23.5505,-46.6333,America/Sao_Paulo,macOS,14.64,1989.67,29-04-2024 16:26
